Afghanistan,Population,Total Population - Both sexes,8954.0,9142.0,9340.0,9547.0,9765.0,9990.0,10222.0,10466.0,10729.0,11016.0,11323.0,11644.0,11966.0,12274.0,12552.0,12807.0,13034.0,13200.0,13257.0,13180.0,12964.0,12634.0,12242.0,11854.0,11529.0,11262.0,11063.0,11013.0,11215.0,11731.0,12612.0,13812.0,15175.0,16485.0,17586.0,18415.0,19021.0,19497.0,19987.0,20595.0,21348.0,22203.0,23116.0,24019.0,24861.0,25631.0,26349.0,27032.0,27708.0,28398.0,29105.0,29825.0,30552.0
Albania,Population,Total Population - Both sexes,1669.0,1719.0,1771.0,1822.0,1874.0,1926.0,1979.0,2031.0,2085.0,2139.0,2195.0,2251.0,2309.0,2367.0,2427.0,2486.0,2547.0,2608.0,2671.0,2735.0,2799.0,2864.0,2930.0,3001.0,3078.0,3162.0,3252.0,3336.0,3404.0,3447.0,3460.0,3447.0,3417.0,3384.0,3358.0,3341.0,3331.0,3325.0,3318.0,3305.0,3286.0,3264.0,3239.0,3216.0,3196.0,3180.0,3166.0,3157.0,3151.0,3150.0,3154.0,3162.0,3173.0
Algeria,Population,Total Population - Both sexes,11561.0,11845.0,12136.0,12443.0,12771.0,13123.0,13497.0,13887.0,14287.0,14691.0,15098.0,15512.0,15936.0,16375.0,16834.0,17311.0,17809.0,18331.0,18885.0,19475.0,20104.0,20767.0,21453.0,22150.0,22847.0,23539.0,24226.0,24905.0,25577.0,26240.0,26894.0,27535.0,28158.0,28753.0,29315.0,29845.0,30345.0,30820.0,31276.0,31719.0,32150.0,32573.0,33003.0,33461.0,33961.0,34507.0,35097.0,35725.0,36383.0,37063.0,37763.0,38482.0,39208.0
Angola,Population,Total Population - Both sexes,5057.0,5150.0,5245.0,5340.0,5434.0,5527.0,5620.0,5715.0,5817.0,5928.0,6049.0,6181.0,6323.0,6475.0,6638.0,6809.0,6990.0,7184.0,7399.0,7637.0,7902.0,8190.0,8490.0,8785.0,9064.0,9321.0,9561.0,9798.0,10051.0,10334.0,10653.0,11003.0,11372.0,11743.0,12105.0,12452.0,12791.0,13138.0,13511.0,13925.0,14385.0,14887.0,15421.0,15977.0,16544.0,17122.0,17713.0,18314.0,18927.0,19549.0,20180.0,20821.0,21472.0
Antigua and Barbuda,Population,Total Population - Both sexes,55.0,56.0,57.0,59.0,60.0,61.0,62.0,63.0,64.0,65.0,66.0,67.0,68.0,69.0,69.0,70.0,70.0,71.0,71.0,70.0,70.0,69.0,68.0,67.0,66.0,65.0,63.0,63.0,62.0,62.0,62.0,63.0,65.0,67.0,68.0,70.0,72.0,74.0,76.0,78.0,79.0,80.0,81.0,82.0,83.0,83.0,84.0,85.0,86.0,87.0,88.0,89.0,90.0
Argentina,Population,Total Population - Both sexes,20959.0,21295.0,21631.0,21964.0,22294.0,22619.0,22941.0,23269.0,23613.0,23979.0,24371.0,24786.0,25215.0,25647.0,26070.0,26484.0,26890.0,27293.0,27701.0,28120.0,28550.0,28989.0,29435.0,29887.0,30340.0,30796.0,31255.0,31713.0,32170.0,32625.0,33075.0,33521.0,33962.0,34399.0,34833.0,35264.0,35691.0,36109.0,36515.0,36903.0,37273.0,37628.0,37970.0,38309.0,38648.0,38989.0,39331.0,39676.0,40024.0,40374.0,40729.0,41087.0,41446.0
Australia,Population,Total Population - Both sexes,10495.0,10691.0,10893.0,11115.0,11368.0,11657.0,11976.0,12306.0,12621.0,12905.0,13151.0,13364.0,13552.0,13725.0,13893.0,14055.0,14212.0,14369.0,14532.0,14708.0,14898.0,15101.0,15318.0,15549.0,15791.0,16047.0,16316.0,16588.0,16851.0,17097.0,17322.0,17529.0,17725.0,17921.0,18124.0,18339.0,18563.0,18795.0,19027.0,19259.0,19487.0,19715.0,19953.0,20218.0,20521.0,20866.0,21246.0,21645.0,22037.0,22404.0,22741.0,23050.0,23343.0
Austria,Population,Total Population - Both sexes,7094.0,7139.0,7188.0,7237.0,7285.0,7331.0,7374.0,7414.0,7453.0,7489.0,7525.0,7559.0,7588.0,7609.0,7619.0,7617.0,7604.0,7586.0,7568.0,7555.0,7550.0,7551.0,7558.0,7567.0,7576.0,7584.0,7593.0,7607.0,7631.0,7670.0,7726.0,7797.0,7872.0,7938.0,7985.0,8009.0,8014.0,8009.0,8008.0,8020.0,8049.0,8092.0,8142.0,8193.0,8239.0,8277.0,8311.0,8342.0,8372.0,8402.0,8433.0,8464.0,8495.0
Bahamas,Population,Total Population - Both sexes,115.0,121.0,127.0,134.0,140.0,146.0,153.0,159.0,164.0,169.0,174.0,178.0,181.0,185.0,189.0,193.0,197.0,202.0,206.0,211.0,215.0,220.0,225.0,230.0,235.0,239.0,243.0,248.0,252.0,256.0,261.0,266.0,271.0,276.0,280.0,284.0,287.0,290.0,293.0,298.0,303.0,309.0,316.0,322.0,329.0,336.0,342.0,348.0,354.0,360.0,366.0,372.0,377.0
Bangladesh,Population,Total Population - Both sexes,50954.0,52403.0,53909.0,55503.0,57200.0,59030.0,60967.0,62909.0,64720.0,66309.0,67628.0,68730.0,69751.0,70883.0,72265.0,73945.0,75880.0,78012.0,80242.0,82498.0,84764.0,87061.0,89400.0,91804.0,94288.0,96852.0,99477.0,102133.0,104779.0,107386.0,109935.0,112431.0,114898.0,117369.0,119870.0,122401.0,124945.0,127479.0,129967.0,132383.0,134730.0,137006.0,139186.0,141235.0,143135.0,144869.0,146457.0,147970.0,149503.0,151125.0,152862.0,154695.0,156595.0
Barbados,Population,Total Population - Both sexes,232.0,233.0,234.0,234.0,235.0,236.0,236.0,237.0,238.0,239.0,240.0,241.0,243.0,244.0,246.0,247.0,247.0,248.0,248.0,249.0,250.0,251.0,252.0,253.0,254.0,255.0,257.0,257.0,258.0,259.0,260.0,261.0,262.0,262.0,263.0,264.0,265.0,265.0,266.0,267.0,268.0,270.0,271.0,272.0,274.0,275.0,276.0,278.0,279.0,280.0,282.0,283.0,285.0
Belize,Population,Total Population - Both sexes,95.0,97.0,100.0,103.0,106.0,109.0,113.0,116.0,119.0,122.0,125.0,127.0,129.0,131.0,133.0,135.0,137.0,139.0,141.0,144.0,148.0,151.0,156.0,160.0,165.0,170.0,174.0,179.0,183.0,188.0,191.0,195.0,198.0,202.0,207.0,212.0,218.0,225.0,232.0,239.0,245.0,252.0,258.0,265.0,272.0,279.0,286.0,294.0,301.0,309.0,316.0,324.0,332.0
Benin,Population,Total Population - Both sexes,2466.0,2503.0,2543.0,2586.0,2632.0,2681.0,2733.0,2789.0,2847.0,2908.0,2972.0,3039.0,3110.0,3185.0,3263.0,3346.0,3432.0,3523.0,3619.0,3718.0,3822.0,3931.0,4045.0,4164.0,4287.0,4414.0,4546.0,4685.0,4836.0,5001.0,5183.0,5378.0,5582.0,5787.0,5986.0,6176.0,6361.0,6546.0,6740.0,6949.0,7175.0,7415.0,7666.0,7923.0,8182.0,8444.0,8707.0,8973.0,9241.0,9510.0,9780.0,10051.0,10323.0
Bermuda,Population,Total Population - Both sexes,46.0,46.0,47.0,48.0,49.0,50.0,50.0,51.0,51.0,52.0,52.0,53.0,53.0,54.0,54.0,55.0,55.0,55.0,56.0,56.0,56.0,57.0,57.0,57.0,58.0,58.0,59.0,59.0,59.0,60.0,60.0,60.0,61.0,61.0,61.0,62.0,62.0,62.0,63.0,63.0,63.0,63.0,64.0,64.0,64.0,64.0,65.0,65.0,65.0,65.0,65.0,65.0,65.0
Bolivia (Plurinational State of),Population,Total Population - Both sexes,3428.0,3505.0,3585.0,3667.0,3751.0,3838.0,3928.0,4021.0,4117.0,4217.0,4321.0,4429.0,4540.0,4653.0,4768.0,4884.0,5002.0,5122.0,5244.0,5369.0,5497.0,5628.0,5763.0,5900.0,6041.0,6184.0,6331.0,6481.0,6636.0,6794.0,6957.0,7123.0,7293.0,7464.0,7635.0,7807.0,7979.0,8150.0,8322.0,8495.0,8669.0,8843.0,9017.0,9188.0,9355.0,9517.0,9676.0,9834.0,9993.0,10157.0,10324.0,10496.0,10671.0
Botswana,Population,Total Population - Both sexes,537.0,550.0,564.0,580.0,596.0,613.0,631.0,651.0,671.0,693.0,716.0,740.0,766.0,793.0,823.0,855.0,889.0,924.0,961.0,998.0,1034.0,1071.0,1108.0,1146.0,1185.0,1224.0,1263.0,1303.0,1343.0,1384.0,1425.0,1465.0,1505.0,1545.0,1583.0,1621.0,1657.0,1692.0,1725.0,1755.0,1783.0,1809.0,1833.0,1855.0,1876.0,1896.0,1915.0,1934.0,1952.0,1969.0,1987.0,2004.0,2021.0
Brazil,Population,Total Population - Both sexes,74988.0,77287.0,79643.0,82017.0,84379.0,86722.0,89052.0,91377.0,93710.0,96060.0,98428.0,100813.0,103229.0,105693.0,108220.0,110808.0,113455.0,116161.0,118924.0,121740.0,124611.0,127525.0,130456.0,133364.0,136223.0,139023.0,141768.0,144453.0,147079.0,149648.0,152154.0,154598.0,157011.0,159433.0,161891.0,164392.0,166925.0,169472.0,172006.0,174505.0,176968.0,179394.0,181753.0,184010.0,186142.0,188134.0,189997.0,191766.0,193491.0,195210.0,196935.0,198656.0,200362.0
Brunei Darussalam,Population,Total Population - Both sexes,86.0,90.0,94.0,98.0,103.0,107.0,113.0,118.0,124.0,130.0,136.0,142.0,148.0,154.0,161.0,167.0,174.0,180.0,187.0,193.0,199.0,205.0,211.0,217.0,223.0,229.0,236.0,243.0,250.0,257.0,264.0,272.0,280.0,287.0,295.0,303.0,310.0,317.0,325.0,332.0,339.0,346.0,354.0,361.0,368.0,375.0,381.0,388.0,394.0,401.0,407.0,412.0,418.0
Bulgaria,Population,Total Population - Both sexes,7935.0,8004.0,8073.0,8141.0,8207.0,8269.0,8329.0,8386.0,8441.0,8495.0,8547.0,8597.0,8644.0,8688.0,8727.0,8761.0,8790.0,8816.0,8840.0,8865.0,8891.0,8917.0,8939.0,8955.0,8960.0,8957.0,8944.0,8919.0,8878.0,8821.0,8745.0,8654.0,8552.0,8452.0,8358.0,8275.0,8200.0,8131.0,8066.0,8001.0,7935.0,7870.0,7807.0,7745.0,7683.0,7623.0,7563.0,7504.0,7446.0,7389.0,7333.0,7278.0,7223.0
Burkina Faso,Population,Total Population - Both sexes,4895.0,4960.0,5028.0,5099.0,5175.0,5256.0,5343.0,5434.0,5528.0,5625.0,5723.0,5825.0,5930.0,6040.0,6155.0,6274.0,6399.0,6531.0,6672.0,6823.0,6985.0,7158.0,7341.0,7531.0,7728.0,7931.0,8140.0,8356.0,8580.0,8811.0,9050.0,9297.0,9552.0,9817.0,10090.0,10373.0,10665.0,10968.0,11282.0,11608.0,11946.0,12296.0,12659.0,13034.0,13422.0,13822.0,14235.0,14660.0,15095.0,15540.0,15995.0,16460.0,16935.0
Cabo Verde,Population,Total Population - Both sexes,217.0,223.0,229.0,235.0,242.0,248.0,254.0,261.0,268.0,275.0,284.0,293.0,302.0,309.0,312.0,313.0,310.0,305.0,302.0,302.0,304.0,310.0,317.0,325.0,331.0,336.0,339.0,342.0,346.0,352.0,360.0,369.0,379.0,390.0,399.0,409.0,418.0,426.0,434.0,442.0,451.0,459.0,467.0,474.0,479.0,482.0,484.0,485.0,486.0,488.0,491.0,494.0,499.0
Cambodia,Population,Total Population - Both sexes,5870.0,6024.0,6179.0,6327.0,6465.0,6587.0,6693.0,6794.0,6901.0,7022.0,7169.0,7334.0,7483.0,7567.0,7556.0,7431.0,7214.0,6968.0,6776.0,6699.0,6762.0,6943.0,7208.0,7499.0,7777.0,8030.0,8271.0,8511.0,8769.0,9057.0,9378.0,9722.0,10077.0,10430.0,10769.0,11091.0,11396.0,11685.0,11960.0,12223.0,12473.0,12709.0,12934.0,13149.0,13356.0,13555.0,13747.0,13941.0,14144.0,14365.0,14606.0,14865.0,15135.0
Cameroon,Population,Total Population - Both sexes,5475.0,5594.0,5719.0,5850.0,5988.0,6131.0,6281.0,6437.0,6600.0,6771.0,6949.0,7134.0,7328.0,7530.0,7740.0,7960.0,8188.0,8426.0,8674.0,8932.0,9201.0,9481.0,9771.0,10071.0,10381.0,10701.0,11032.0,11370.0,11717.0,12070.0,12430.0,12797.0,13169.0,13547.0,13930.0,14317.0,14709.0,15108.0,15514.0,15928.0,16350.0,16782.0,17223.0,17675.0,18138.0,18612.0,19098.0,19595.0,20104.0,20624.0,21156.0,21700.0,22254.0
Canada,Population,Total Population - Both sexes,18295.0,18658.0,19004.0,19345.0,19689.0,20036.0,20384.0,20734.0,21084.0,21434.0,21786.0,22137.0,22484.0,22819.0,23136.0,23435.0,23719.0,23990.0,24253.0,24511.0,24764.0,25013.0,25268.0,25542.0,25843.0,26177.0,26537.0,26914.0,27292.0,27658.0,28009.0,28349.0,28676.0,28991.0,29295.0,29586.0,29867.0,30141.0,30416.0,30697.0,30987.0,31284.0,31592.0,31914.0,32253.0,32611.0,32986.0,33370.0,33753.0,34126.0,34487.0,34838.0,35182.0
Central African Republic,Population,Total Population - Both sexes,1529.0,1557.0,1586.0,1617.0,1649.0,1683.0,1719.0,1755.0,1792.0,1829.0,1865.0,1901.0,1937.0,1976.0,2017.0,2062.0,2109.0,2159.0,2214.0,2274.0,2340.0,2411.0,2484.0,2556.0,2623.0,2684.0,2741.0,2795.0,2852.0,2913.0,2980.0,3051.0,3125.0,3201.0,3276.0,3350.0,3425.0,3498.0,3570.0,3638.0,3704.0,3767.0,3830.0,3894.0,3961.0,4032.0,4107.0,4185.0,4266.0,4350.0,4436.0,4525.0,4616.0
Chad,Population,Total Population - Both sexes,3061.0,3122.0,3185.0,3248.0,3311.0,3374.0,3436.0,3501.0,3570.0,3645.0,3727.0,3816.0,3909.0,4001.0,4089.0,4173.0,4255.0,4336.0,4421.0,4513.0,4611.0,4716.0,4830.0,4955.0,5092.0,5243.0,5407.0,5582.0,5765.0,5952.0,6143.0,6339.0,6542.0,6756.0,6980.0,7216.0,7463.0,7724.0,8003.0,8301.0,8621.0,8960.0,9311.0,9665.0,10014.0,10357.0,10694.0,11031.0,11371.0,11721.0,12080.0,12448.0,12825.0
Chile,Population,Total Population - Both sexes,7846.0,8048.0,8252.0,8455.0,8654.0,8848.0,9036.0,9220.0,9401.0,9579.0,9755.0,9930.0,10100.0,10266.0,10426.0,10580.0,10730.0,10878.0,11031.0,11192.0,11363.0,11543.0,11732.0,11927.0,12127.0,12332.0,12541.0,12757.0,12981.0,13214.0,13456.0,13706.0,13958.0,14205.0,14440.0,14662.0,14872.0,15072.0,15266.0,15454.0,15639.0,15820.0,15996.0,16168.0,16338.0,16505.0,16669.0,16831.0,16992.0,17151.0,17308.0,17465.0,17620.0
China,Population,Total Population - Both sexes,675173.0,686277.0,698324.0,712071.0,728010.0,746346.0,766783.0,788658.0,811029.0,833146.0,854876.0,876240.0,896847.0,916273.0,934253.0,950601.0,965463.0,979364.0,993055.0,1007126.0,1021606.0,1036453.0,1052063.0,1068905.0,1087236.0,1107277.0,1128752.0,1150765.0,1172092.0,1191815.0,1209655.0,1225776.0,1240258.0,1253340.0,1265229.0,1275896.0,1285339.0,1293859.0,1301851.0,1309631.0,1317322.0,1324949.0,1332606.0,1340363.0,1348270.0,1356377.0,1364705.0,1373219.0,1381857.0,1390552.0,1399292.0,1408042.0,1416667.0
"China, Hong Kong SAR",Population,Total Population - Both sexes,3227.0,3392.0,3554.0,3695.0,3802.0,3868.0,3902.0,3915.0,3929.0,3958.0,4006.0,4068.0,4148.0,4244.0,4355.0,4486.0,4633.0,4787.0,4930.0,5054.0,5152.0,5229.0,5291.0,5350.0,5415.0,5487.0,5565.0,5645.0,5723.0,5794.0,5856.0,5911.0,5969.0,6044.0,6144.0,6275.0,6431.0,6592.0,6733.0,6835.0,6893.0,6912.0,6907.0,6897.0,6897.0,6911.0,6935.0,6968.0,7007.0,7050.0,7096.0,7148.0,7204.0
"China, Macao SAR",Population,Total Population - Both sexes,175.0,181.0,189.0,198.0,207.0,217.0,227.0,237.0,245.0,251.0,254.0,254.0,253.0,251.0,248.0,246.0,244.0,242.0,243.0,246.0,252.0,261.0,272.0,284.0,296.0,309.0,323.0,336.0,348.0,360.0,369.0,378.0,385.0,392.0,398.0,405.0,412.0,419.0,425.0,432.0,438.0,444.0,451.0,459.0,468.0,480.0,493.0,508.0,522.0,535.0,546.0,557.0,566.0
"China, mainland",Population,Total Population - Both sexes,660909.0,671462.0,682947.0,696140.0,711547.0,729377.0,749329.0,770744.0,792677.0,814378.0,835717.0,856715.0,876960.0,896005.0,913570.0,929457.0,943824.0,957214.0,970408.0,984016.0,998075.0,1012534.0,1027788.0,1044293.0,1062299.0,1082028.0,1103202.0,1124928.0,1145976.0,1165429.0,1183008.0,1198875.0,1213104.0,1225922.0,1237531.0,1247897.0,1257022.0,1265223.0,1272915.0,1280429.0,1287890.0,1295322.0,1302810.0,1310414.0,1318177.0,1326146.0,1334344.0,1342733.0,1351248.0,1359821.0,1368440.0,1377065.0,1385567.0
"China, Taiwan Province of",Population,Total Population - Both sexes,10862.0,11242.0,11634.0,12038.0,12454.0,12884.0,13325.0,13762.0,14178.0,14559.0,14899.0,15203.0,15486.0,15773.0,16080.0,16412.0,16762.0,17121.0,17474.0,17810.0,18127.0,18429.0,18712.0,18978.0,19226.0,19453.0,19662.0,19856.0,20045.0,20232.0,20422.0,20612.0,20800.0,20982.0,21156.0,21319.0,21474.0,21625.0,21778.0,21935.0,22101.0,22271.0,22438.0,22593.0,22728.0,22840.0,22933.0,23010.0,23080.0,23146.0,23210.0,23272.0,23330.0
Colombia,Population,Total Population - Both sexes,16489.0,16986.0,17498.0,18022.0,18559.0,19109.0,19670.0,20235.0,20795.0,21345.0,21880.0,22404.0,22925.0,23453.0,23996.0,24558.0,25135.0,25725.0,26326.0,26935.0,27550.0,28173.0,28803.0,29438.0,30077.0,30718.0,31362.0,32009.0,32657.0,33307.0,33957.0,34608.0,35260.0,35915.0,36574.0,37236.0,37901.0,38568.0,39234.0,39898.0,40559.0,41216.0,41872.0,42528.0,43184.0,43841.0,44498.0,45153.0,45803.0,46445.0,47079.0,47704.0,48321.0
Congo,Population,Total Population - Both sexes,1040.0,1068.0,1096.0,1127.0,1158.0,1190.0,1224.0,1259.0,1296.0,1335.0,1376.0,1419.0,1463.0,1508.0,1554.0,1600.0,1647.0,1695.0,1745.0,1796.0,1850.0,1905.0,1962.0,2020.0,2079.0,2138.0,2198.0,2259.0,2320.0,2383.0,2447.0,2512.0,2578.0,2648.0,2721.0,2798.0,2878.0,2961.0,3044.0,3126.0,3206.0,3284.0,3363.0,3449.0,3543.0,3647.0,3759.0,3876.0,3995.0,4112.0,4225.0,4337.0,4448.0
Costa Rica,Population,Total Population - Both sexes,1382.0,1431.0,1482.0,1533.0,1583.0,1633.0,1681.0,1729.0,1776.0,1822.0,1867.0,1911.0,1956.0,2002.0,2052.0,2105.0,2162.0,2222.0,2284.0,2348.0,2415.0,2483.0,2554.0,2626.0,2699.0,2773.0,2848.0,2924.0,3001.0,3079.0,3156.0,3234.0,3312.0,3394.0,3478.0,3567.0,3658.0,3751.0,3842.0,3930.0,4013.0,4094.0,4171.0,4246.0,4320.0,4392.0,4463.0,4533.0,4601.0,4670.0,4738.0,4805.0,4872.0
Cï¿½te d'Ivoire,Population,Total Population - Both sexes,3602.0,3741.0,3890.0,4050.0,4220.0,4400.0,4591.0,4794.0,5011.0,5242.0,5488.0,5748.0,6021.0,6308.0,6606.0,6916.0,7237.0,7569.0,7912.0,8266.0,8630.0,9005.0,9386.0,9772.0,10158.0,10544.0,10929.0,11316.0,11711.0,12116.0,12530.0,12951.0,13375.0,13799.0,14217.0,14632.0,15042.0,15436.0,15802.0,16131.0,16420.0,16675.0,16910.0,17144.0,17394.0,17662.0,17949.0,18260.0,18601.0,18977.0,19390.0,19840.0,20316.0
Cuba,Population,Total Population - Both sexes,7290.0,7450.0,7618.0,7787.0,7952.0,8110.0,8264.0,8413.0,8563.0,8715.0,8870.0,9025.0,9176.0,9315.0,9438.0,9544.0,9634.0,9710.0,9776.0,9835.0,9886.0,9931.0,9975.0,10029.0,10097.0,10184.0,10286.0,10396.0,10504.0,10601.0,10685.0,10758.0,10822.0,10879.0,10932.0,10981.0,11024.0,11064.0,11102.0,11138.0,11175.0,11212.0,11246.0,11273.0,11292.0,11301.0,11302.0,11296.0,11289.0,11282.0,11276.0,11271.0,11266.0
Cyprus,Population,Total Population - Both sexes,576.0,578.0,578.0,579.0,581.0,585.0,591.0,598.0,606.0,614.0,621.0,628.0,635.0,642.0,650.0,658.0,666.0,673.0,680.0,685.0,689.0,692.0,694.0,698.0,704.0,712.0,723.0,736.0,751.0,767.0,783.0,801.0,819.0,837.0,855.0,873.0,891.0,908.0,925.0,943.0,961.0,980.0,998.0,1016.0,1033.0,1048.0,1063.0,1077.0,1091.0,1104.0,1117.0,1129.0,1141.0
Democratic People's Republic of Korea,Population,Total Population - Both sexes,11666.0,11872.0,12065.0,12282.0,12548.0,12865.0,13222.0,13609.0,14009.0,14410.0,14812.0,15215.0,15603.0,15960.0,16275.0,16539.0,16759.0,16954.0,17151.0,17372.0,17623.0,17899.0,18192.0,18488.0,18778.0,19059.0,19335.0,19611.0,19895.0,20194.0,20510.0,20838.0,21166.0,21479.0,21764.0,22017.0,22241.0,22445.0,22642.0,22840.0,23043.0,23248.0,23449.0,23639.0,23813.0,23970.0,24112.0,24244.0,24372.0,24501.0,24631.0,24763.0,24895.0
Denmark,Population,Total Population - Both sexes,4614.0,4649.0,4686.0,4723.0,4760.0,4796.0,4831.0,4865.0,4898.0,4930.0,4960.0,4989.0,5016.0,5040.0,5061.0,5080.0,5096.0,5109.0,5118.0,5123.0,5125.0,5123.0,5119.0,5115.0,5113.0,5114.0,5116.0,5122.0,5129.0,5140.0,5154.0,5171.0,5191.0,5211.0,5233.0,5254.0,5277.0,5299.0,5319.0,5338.0,5355.0,5369.0,5383.0,5399.0,5418.0,5441.0,5468.0,5496.0,5524.0,5551.0,5575.0,5598.0,5619.0
Djibouti,Population,Total Population - Both sexes,88.0,94.0,101.0,108.0,115.0,123.0,131.0,140.0,150.0,160.0,169.0,179.0,191.0,205.0,224.0,249.0,278.0,308.0,336.0,359.0,375.0,385.0,393.0,405.0,424.0,452.0,487.0,524.0,560.0,590.0,613.0,629.0,642.0,653.0,664.0,676.0,688.0,700.0,712.0,723.0,734.0,744.0,755.0,766.0,777.0,788.0,799.0,810.0,822.0,834.0,847.0,860.0,873.0
Dominica,Population,Total Population - Both sexes,61.0,62.0,63.0,64.0,65.0,66.0,68.0,69.0,70.0,71.0,72.0,72.0,72.0,72.0,72.0,73.0,73.0,74.0,75.0,75.0,75.0,75.0,75.0,74.0,74.0,73.0,72.0,72.0,71.0,71.0,71.0,71.0,71.0,71.0,71.0,71.0,71.0,70.0,70.0,70.0,70.0,70.0,70.0,70.0,71.0,71.0,71.0,71.0,71.0,71.0,71.0,72.0,72.0
Dominican Republic,Population,Total Population - Both sexes,3425.0,3540.0,3658.0,3778.0,3900.0,4022.0,4146.0,4271.0,4397.0,4524.0,4652.0,4780.0,4909.0,5039.0,5169.0,5299.0,5429.0,5559.0,5692.0,5826.0,5962.0,6100.0,6240.0,6382.0,6524.0,6666.0,6810.0,6954.0,7099.0,7245.0,7392.0,7540.0,7688.0,7834.0,7978.0,8119.0,8256.0,8393.0,8528.0,8663.0,8799.0,8935.0,9071.0,9207.0,9343.0,9479.0,9615.0,9750.0,9884.0,10017.0,10148.0,10277.0,10404.0
Ecuador,Population,Total Population - Both sexes,4645.0,4780.0,4919.0,5064.0,5213.0,5367.0,5525.0,5688.0,5854.0,6025.0,6199.0,6376.0,6557.0,6741.0,6929.0,7119.0,7313.0,7509.0,7708.0,7909.0,8113.0,8319.0,8529.0,8743.0,8962.0,9187.0,9417.0,9651.0,9887.0,10124.0,10361.0,10598.0,10836.0,11075.0,11316.0,11557.0,11799.0,12042.0,12287.0,12533.0,12781.0,13030.0,13280.0,13529.0,13777.0,14024.0,14268.0,14512.0,14756.0,15001.0,15246.0,15492.0,15738.0
Egypt,Population,Total Population - Both sexes,28786.0,29591.0,30410.0,31242.0,32084.0,32937.0,33799.0,34660.0,35511.0,36342.0,37152.0,37945.0,38734.0,39534.0,40359.0,41213.0,42094.0,43006.0,43951.0,44932.0,45946.0,46991.0,48072.0,49190.0,50347.0,51545.0,52777.0,54011.0,55207.0,56337.0,57388.0,58371.0,59308.0,60232.0,61168.0,62124.0,63094.0,64084.0,65098.0,66137.0,67204.0,68303.0,69432.0,70591.0,71778.0,72991.0,74230.0,75492.0,76775.0,78076.0,79392.0,80722.0,82056.0
El Salvador,Population,Total Population - Both sexes,2859.0,2951.0,3047.0,3145.0,3244.0,3342.0,3440.0,3537.0,3636.0,3736.0,3836.0,3938.0,4038.0,4137.0,4232.0,4325.0,4414.0,4500.0,4582.0,4661.0,4734.0,4805.0,4872.0,4938.0,5004.0,5069.0,5134.0,5200.0,5269.0,5344.0,5425.0,5511.0,5597.0,5678.0,5748.0,5807.0,5855.0,5895.0,5929.0,5959.0,5985.0,6008.0,6029.0,6050.0,6073.0,6097.0,6123.0,6152.0,6183.0,6218.0,6256.0,6297.0,6340.0
Fiji,Population,Total Population - Both sexes,407.0,422.0,436.0,450.0,464.0,476.0,488.0,499.0,510.0,521.0,532.0,543.0,554.0,565.0,577.0,588.0,598.0,609.0,622.0,635.0,651.0,668.0,685.0,700.0,712.0,718.0,722.0,723.0,724.0,728.0,735.0,744.0,755.0,766.0,776.0,785.0,793.0,801.0,807.0,812.0,815.0,816.0,817.0,819.0,822.0,828.0,835.0,844.0,852.0,861.0,868.0,875.0,881.0
Finland,Population,Total Population - Both sexes,4463.0,4495.0,4523.0,4546.0,4565.0,4577.0,4584.0,4589.0,4596.0,4607.0,4623.0,4645.0,4669.0,4692.0,4711.0,4727.0,4739.0,4750.0,4763.0,4779.0,4801.0,4826.0,4853.0,4879.0,4902.0,4921.0,4937.0,4952.0,4968.0,4987.0,5009.0,5035.0,5061.0,5086.0,5108.0,5126.0,5141.0,5153.0,5165.0,5176.0,5188.0,5200.0,5213.0,5228.0,5246.0,5268.0,5292.0,5318.0,5344.0,5368.0,5389.0,5408.0,5426.0
France,Population,Total Population - Both sexes,46320.0,46992.0,47674.0,48314.0,48874.0,49333.0,49705.0,50025.0,50346.0,50704.0,51113.0,51558.0,52011.0,52431.0,52791.0,53080.0,53312.0,53512.0,53713.0,53941.0,54203.0,54491.0,54798.0,55109.0,55414.0,55714.0,56011.0,56301.0,56580.0,56846.0,57098.0,57339.0,57570.0,57792.0,58009.0,58216.0,58418.0,58636.0,58895.0,59213.0,59601.0,60048.0,60528.0,61003.0,61445.0,61845.0,62211.0,62553.0,62888.0,63231.0,63582.0,63937.0,64291.0
French Polynesia,Population,Total Population - Both sexes,81.0,84.0,87.0,90.0,93.0,97.0,100.0,103.0,107.0,110.0,114.0,118.0,122.0,126.0,131.0,135.0,139.0,143.0,147.0,152.0,156.0,161.0,166.0,170.0,175.0,180.0,185.0,190.0,194.0,198.0,202.0,205.0,208.0,212.0,215.0,219.0,224.0,228.0,233.0,237.0,241.0,245.0,249.0,252.0,255.0,258.0,260.0,263.0,265.0,268.0,271.0,274.0,277.0
Gabon,Population,Total Population - Both sexes,504.0,509.0,516.0,523.0,532.0,542.0,553.0,565.0,577.0,589.0,601.0,612.0,623.0,635.0,648.0,662.0,677.0,693.0,709.0,726.0,745.0,764.0,784.0,804.0,826.0,849.0,872.0,896.0,921.0,947.0,973.0,999.0,1026.0,1053.0,1080.0,1109.0,1137.0,1167.0,1196.0,1226.0,1255.0,1285.0,1316.0,1347.0,1379.0,1413.0,1447.0,1483.0,1519.0,1556.0,1594.0,1633.0,1672.0
Gambia,Population,Total Population - Both sexes,377.0,384.0,389.0,395.0,401.0,408.0,416.0,426.0,436.0,447.0,460.0,475.0,490.0,506.0,521.0,536.0,552.0,568.0,585.0,604.0,625.0,648.0,673.0,701.0,732.0,767.0,804.0,843.0,881.0,917.0,949.0,980.0,1008.0,1037.0,1066.0,1096.0,1127.0,1159.0,1193.0,1229.0,1267.0,1307.0,1349.0,1392.0,1437.0,1482.0,1529.0,1578.0,1628.0,1681.0,1735.0,1791.0,1849.0
Germany,Population,Total Population - Both sexes,73900.0,74552.0,75257.0,75971.0,76655.0,77301.0,77910.0,78458.0,78923.0,79287.0,79543.0,79693.0,79757.0,79758.0,79719.0,79648.0,79550.0,79431.0,79301.0,79169.0,79039.0,78922.0,78841.0,78826.0,78896.0,79056.0,79299.0,79622.0,80022.0,80487.0,81026.0,81625.0,82225.0,82750.0,83148.0,83389.0,83491.0,83501.0,83491.0,83512.0,83583.0,83685.0,83788.0,83849.0,83836.0,83740.0,83579.0,83380.0,83183.0,83017.0,82893.0,82800.0,82727.0
Ghana,Population,Total Population - Both sexes,6867.0,7086.0,7304.0,7514.0,7711.0,7891.0,8058.0,8221.0,8398.0,8597.0,8827.0,9084.0,9350.0,9604.0,9832.0,10024.0,10190.0,10355.0,10551.0,10802.0,11118.0,11489.0,11896.0,12312.0,12717.0,13105.0,13481.0,13853.0,14233.0,14629.0,15043.0,15472.0,15907.0,16339.0,16761.0,17169.0,17568.0,17969.0,18384.0,18825.0,19293.0,19786.0,20302.0,20836.0,21384.0,21948.0,22526.0,23110.0,23692.0,24263.0,24821.0,25366.0,25905.0
Greece,Population,Total Population - Both sexes,8386.0,8431.0,8471.0,8510.0,8551.0,8597.0,8646.0,8697.0,8747.0,8793.0,8834.0,8871.0,8912.0,8969.0,9047.0,9150.0,9274.0,9408.0,9535.0,9643.0,9728.0,9795.0,9848.0,9893.0,9934.0,9973.0,10007.0,10045.0,10094.0,10161.0,10247.0,10350.0,10462.0,10572.0,10672.0,10758.0,10834.0,10897.0,10948.0,10987.0,11013.0,11026.0,11032.0,11035.0,11042.0,11053.0,11067.0,11083.0,11098.0,11110.0,11119.0,11125.0,11128.0
Grenada,Population,Total Population - Both sexes,91.0,92.0,93.0,94.0,95.0,95.0,95.0,95.0,95.0,94.0,94.0,94.0,94.0,93.0,92.0,91.0,90.0,89.0,89.0,89.0,91.0,93.0,96.0,98.0,100.0,100.0,99.0,98.0,97.0,96.0,96.0,97.0,98.0,99.0,100.0,101.0,101.0,101.0,101.0,102.0,102.0,102.0,102.0,103.0,103.0,103.0,104.0,104.0,104.0,105.0,105.0,105.0,106.0
Guatemala,Population,Total Population - Both sexes,4253.0,4369.0,4488.0,4610.0,4736.0,4864.0,4996.0,5132.0,5271.0,5416.0,5565.0,5719.0,5877.0,6036.0,6194.0,6352.0,6510.0,6669.0,6832.0,7001.0,7177.0,7358.0,7543.0,7731.0,7920.0,8109.0,8299.0,8492.0,8688.0,8890.0,9099.0,9313.0,9533.0,9756.0,9984.0,10215.0,10450.0,10691.0,10942.0,11204.0,11479.0,11766.0,12063.0,12368.0,12679.0,12995.0,13318.0,13648.0,13989.0,14342.0,14707.0,15083.0,15468.0
Guinea,Population,Total Population - Both sexes,3633.0,3690.0,3748.0,3810.0,3875.0,3945.0,4018.0,4090.0,4155.0,4209.0,4252.0,4286.0,4311.0,4332.0,4350.0,4367.0,4383.0,4405.0,4441.0,4495.0,4573.0,4674.0,4793.0,4926.0,5067.0,5212.0,5363.0,5536.0,5751.0,6020.0,6352.0,6734.0,7136.0,7514.0,7837.0,8095.0,8296.0,8457.0,8601.0,8746.0,8895.0,9046.0,9205.0,9380.0,9576.0,9799.0,10047.0,10315.0,10593.0,10876.0,11162.0,11451.0,11745.0
Guinea-Bissau,Population,Total Population - Both sexes,642.0,648.0,652.0,656.0,659.0,662.0,664.0,667.0,673.0,683.0,699.0,719.0,741.0,762.0,778.0,789.0,797.0,802.0,808.0,818.0,832.0,849.0,869.0,890.0,910.0,931.0,952.0,973.0,995.0,1017.0,1041.0,1065.0,1089.0,1114.0,1140.0,1165.0,1192.0,1218.0,1246.0,1273.0,1302.0,1331.0,1361.0,1391.0,1422.0,1453.0,1484.0,1517.0,1551.0,1587.0,1624.0,1664.0,1704.0
Guyana,Population,Total Population - Both sexes,576.0,592.0,608.0,624.0,641.0,658.0,676.0,693.0,708.0,721.0,730.0,736.0,740.0,744.0,749.0,755.0,763.0,770.0,775.0,777.0,776.0,772.0,766.0,759.0,752.0,745.0,739.0,733.0,728.0,725.0,723.0,723.0,724.0,726.0,728.0,731.0,734.0,738.0,741.0,744.0,748.0,751.0,754.0,757.0,761.0,765.0,770.0,776.0,781.0,786.0,791.0,795.0,800.0
Haiti,Population,Total Population - Both sexes,3947.0,4026.0,4107.0,4190.0,4275.0,4362.0,4450.0,4539.0,4627.0,4713.0,4798.0,4881.0,4965.0,5052.0,5144.0,5242.0,5345.0,5454.0,5569.0,5692.0,5822.0,5959.0,6101.0,6245.0,6389.0,6534.0,6677.0,6821.0,6965.0,7110.0,7255.0,7400.0,7545.0,7691.0,7838.0,7987.0,8136.0,8286.0,8433.0,8578.0,8720.0,8860.0,8996.0,9130.0,9261.0,9389.0,9514.0,9638.0,9765.0,9896.0,10033.0,10174.0,10317.0
Honduras,Population,Total Population - Both sexes,2069.0,2139.0,2211.0,2283.0,2353.0,2420.0,2486.0,2552.0,2620.0,2691.0,2766.0,2845.0,2928.0,3016.0,3108.0,3205.0,3307.0,3413.0,3523.0,3636.0,3751.0,3868.0,3988.0,4111.0,4238.0,4366.0,4498.0,4632.0,4767.0,4904.0,5042.0,5181.0,5320.0,5457.0,5592.0,5724.0,5853.0,5980.0,6107.0,6236.0,6365.0,6496.0,6628.0,6762.0,6899.0,7037.0,7178.0,7322.0,7470.0,7621.0,7777.0,7936.0,8096.0
Hungary,Population,Total Population - Both sexes,10031.0,10065.0,10100.0,10136.0,10170.0,10205.0,10239.0,10274.0,10309.0,10346.0,10382.0,10417.0,10455.0,10495.0,10541.0,10594.0,10651.0,10704.0,10743.0,10759.0,10750.0,10720.0,10674.0,10623.0,10573.0,10527.0,10482.0,10443.0,10410.0,10385.0,10370.0,10365.0,10364.0,10361.0,10352.0,10335.0,10311.0,10283.0,10253.0,10224.0,10196.0,10169.0,10142.0,10118.0,10096.0,10077.0,10061.0,10046.0,10031.0,10015.0,9996.0,9976.0,9955.0
Iceland,Population,Total Population - Both sexes,179.0,183.0,186.0,189.0,192.0,195.0,197.0,200.0,202.0,204.0,207.0,210.0,213.0,215.0,218.0,220.0,222.0,224.0,226.0,228.0,231.0,233.0,236.0,239.0,241.0,244.0,247.0,250.0,252.0,255.0,257.0,260.0,262.0,265.0,267.0,270.0,273.0,276.0,278.0,281.0,284.0,287.0,290.0,293.0,297.0,301.0,305.0,309.0,314.0,318.0,322.0,326.0,330.0
India,Population,Total Population - Both sexes,458627.0,467962.0,477616.0,487607.0,497952.0,508656.0,519722.0,531161.0,542984.0,555200.0,567805.0,580799.0,594193.0,608003.0,622232.0,636884.0,651935.0,667339.0,683033.0,698966.0,715105.0,731444.0,747986.0,764749.0,781737.0,798942.0,816329.0,833834.0,851375.0,868891.0,886349.0,903750.0,921108.0,938453.0,955804.0,973148.0,990460.0,1007747.0,1025015.0,1042262.0,1059501.0,1076706.0,1093787.0,1110626.0,1127144.0,1143289.0,1159095.0,1174662.0,1190138.0,1205625.0,1221156.0,1236687.0,1252140.0
Indonesia,Population,Total Population - Both sexes,90860.0,93101.0,95421.0,97829.0,100330.0,102925.0,105606.0,108364.0,111188.0,114067.0,116996.0,119974.0,123002.0,126081.0,129210.0,132385.0,135601.0,138858.0,142156.0,145494.0,148872.0,152281.0,155698.0,159098.0,162459.0,165772.0,169039.0,172265.0,175461.0,178633.0,181786.0,184917.0,188019.0,191086.0,194113.0,197098.0,200050.0,202991.0,205947.0,208939.0,211970.0,215038.0,218146.0,221294.0,224481.0,227710.0,230973.0,234243.0,237487.0,240676.0,243802.0,246864.0,249866.0
Iran (Islamic Republic of),Population,Total Population - Both sexes,22536.0,23130.0,23742.0,24373.0,25024.0,25697.0,26394.0,27113.0,27851.0,28607.0,29382.0,30184.0,31025.0,31918.0,32878.0,33901.0,34992.0,36172.0,37466.0,38890.0,40440.0,42100.0,43853.0,45672.0,47532.0,49441.0,51378.0,53250.0,54938.0,56362.0,57472.0,58307.0,58982.0,59663.0,60468.0,61441.0,62543.0,63713.0,64859.0,65911.0,66858.0,67727.0,68543.0,69342.0,70152.0,70977.0,71809.0,72661.0,73543.0,74462.0,75424.0,76424.0,77447.0
Iraq,Population,Total Population - Both sexes,7475.0,7674.0,7889.0,8122.0,8376.0,8651.0,8947.0,9261.0,9586.0,9918.0,10256.0,10600.0,10951.0,11312.0,11685.0,12068.0,12461.0,12860.0,13258.0,13653.0,14045.0,14436.0,14823.0,15203.0,15576.0,15941.0,16302.0,16673.0,17074.0,17518.0,18010.0,18547.0,19124.0,19732.0,20363.0,21017.0,21694.0,22387.0,23091.0,23801.0,24517.0,25238.0,25960.0,26674.0,27377.0,28064.0,28741.0,29430.0,30163.0,30962.0,31837.0,32778.0,33765.0
Ireland,Population,Total Population - Both sexes,2828.0,2835.0,2847.0,2861.0,2875.0,2887.0,2900.0,2915.0,2936.0,2963.0,2998.0,3039.0,3085.0,3134.0,3184.0,3234.0,3284.0,3333.0,3378.0,3418.0,3453.0,3482.0,3506.0,3523.0,3534.0,3538.0,3537.0,3533.0,3530.0,3531.0,3538.0,3549.0,3566.0,3587.0,3611.0,3638.0,3670.0,3707.0,3751.0,3804.0,3866.0,3936.0,4011.0,4086.0,4158.0,4226.0,4291.0,4352.0,4410.0,4468.0,4523.0,4576.0,4627.0
Israel,Population,Total Population - Both sexes,2174.0,2264.0,2356.0,2443.0,2523.0,2592.0,2653.0,2711.0,2775.0,2850.0,2937.0,3034.0,3137.0,3240.0,3337.0,3428.0,3514.0,3594.0,3671.0,3745.0,3815.0,3884.0,3950.0,4016.0,4083.0,4149.0,4216.0,4291.0,4383.0,4499.0,4642.0,4807.0,4986.0,5164.0,5332.0,5486.0,5630.0,5764.0,5891.0,6014.0,6130.0,6239.0,6349.0,6468.0,6604.0,6759.0,6930.0,7107.0,7274.0,7420.0,7542.0,7644.0,7733.0
Italy,Population,Total Population - Both sexes,49866.0,50246.0,50648.0,51055.0,51453.0,51839.0,52215.0,52584.0,52953.0,53324.0,53700.0,54074.0,54438.0,54781.0,55095.0,55377.0,55627.0,55849.0,56046.0,56221.0,56376.0,56510.0,56622.0,56709.0,56772.0,56809.0,56823.0,56824.0,56824.0,56832.0,56855.0,56894.0,56937.0,56964.0,56967.0,56937.0,56887.0,56850.0,56873.0,56986.0,57200.0,57501.0,57868.0,58267.0,58672.0,59078.0,59486.0,59874.0,60220.0,60509.0,60729.0,60885.0,60990.0
Jamaica,Population,Total Population - Both sexes,1652.0,1679.0,1707.0,1735.0,1760.0,1783.0,1804.0,1824.0,1845.0,1869.0,1896.0,1925.0,1955.0,1984.0,2012.0,2037.0,2059.0,2081.0,2105.0,2132.0,2165.0,2200.0,2237.0,2270.0,2297.0,2317.0,2332.0,2342.0,2353.0,2365.0,2381.0,2399.0,2419.0,2440.0,2462.0,2485.0,2509.0,2534.0,2559.0,2582.0,2605.0,2627.0,2647.0,2666.0,2682.0,2696.0,2708.0,2719.0,2730.0,2741.0,2755.0,2769.0,2784.0
Japan,Population,Total Population - Both sexes,93357.0,94264.0,95228.0,96253.0,97342.0,98495.0,99711.0,100989.0,102324.0,103708.0,105143.0,106617.0,108086.0,109495.0,110805.0,111993.0,113068.0,114055.0,114993.0,115912.0,116822.0,117709.0,118552.0,119319.0,119989.0,120551.0,121022.0,121433.0,121831.0,122249.0,122703.0,123180.0,123659.0,124102.0,124483.0,124795.0,125049.0,125267.0,125481.0,125715.0,125974.0,126249.0,126524.0,126773.0,126979.0,127136.0,127249.0,127319.0,127353.0,127353.0,127319.0,127250.0,127144.0
Jordan,Population,Total Population - Both sexes,1732.0,1779.0,1835.0,1897.0,1962.0,2030.0,2098.0,1439.0,1554.0,1655.0,1740.0,1812.0,1874.0,1930.0,1985.0,2039.0,2092.0,2147.0,2209.0,2281.0,2366.0,2463.0,2569.0,2677.0,2783.0,2884.0,2982.0,3087.0,3209.0,3358.0,3538.0,3743.0,3956.0,4154.0,4320.0,4451.0,4552.0,4631.0,4699.0,4767.0,4835.0,4903.0,4984.0,5092.0,5239.0,5429.0,5656.0,5911.0,6181.0,6455.0,6731.0,7009.0,7274.0
Kenya,Population,Total Population - Both sexes,8361.0,8629.0,8908.0,9200.0,9505.0,9823.0,10154.0,10502.0,10868.0,11252.0,11657.0,12083.0,12530.0,12997.0,13486.0,13996.0,14527.0,15082.0,15661.0,16268.0,16901.0,17560.0,18241.0,18942.0,19660.0,20392.0,21138.0,21897.0,22667.0,23446.0,24237.0,25037.0,25839.0,26635.0,27418.0,28186.0,28944.0,29702.0,30479.0,31285.0,32126.0,33001.0,33905.0,34835.0,35786.0,36757.0,37752.0,38773.0,39825.0,40909.0,42028.0,43178.0,44354.0
Kiribati,Population,Total Population - Both sexes,34.0,35.0,36.0,37.0,38.0,39.0,40.0,42.0,43.0,44.0,45.0,46.0,47.0,47.0,48.0,49.0,51.0,52.0,53.0,55.0,56.0,57.0,59.0,60.0,62.0,64.0,66.0,68.0,69.0,71.0,72.0,73.0,74.0,75.0,76.0,78.0,79.0,80.0,81.0,83.0,84.0,86.0,87.0,89.0,90.0,92.0,93.0,95.0,96.0,98.0,99.0,101.0,102.0
Kuwait,Population,Total Population - Both sexes,295.0,335.0,382.0,431.0,482.0,534.0,586.0,639.0,694.0,750.0,808.0,867.0,927.0,988.0,1050.0,1112.0,1175.0,1238.0,1304.0,1371.0,1440.0,1507.0,1576.0,1650.0,1730.0,1822.0,1920.0,2007.0,2059.0,2060.0,2000.0,1890.0,1759.0,1648.0,1586.0,1585.0,1636.0,1722.0,1818.0,1906.0,1981.0,2048.0,2116.0,2196.0,2296.0,2417.0,2555.0,2702.0,2850.0,2992.0,3125.0,3250.0,3369.0
Lao People's Democratic Republic,Population,Total Population - Both sexes,2169.0,2220.0,2272.0,2325.0,2381.0,2437.0,2494.0,2554.0,2617.0,2685.0,2759.0,2837.0,2915.0,2986.0,3047.0,3094.0,3130.0,3163.0,3201.0,3251.0,3316.0,3393.0,3482.0,3577.0,3678.0,3782.0,3891.0,4005.0,4123.0,4245.0,4370.0,4498.0,4626.0,4751.0,4871.0,4987.0,5097.0,5201.0,5298.0,5388.0,5470.0,5545.0,5619.0,5699.0,5791.0,5896.0,6013.0,6139.0,6268.0,6396.0,6521.0,6646.0,6770.0
Lebanon,Population,Total Population - Both sexes,1865.0,1925.0,1985.0,2041.0,2092.0,2137.0,2175.0,2211.0,2251.0,2297.0,2354.0,2417.0,2480.0,2536.0,2576.0,2598.0,2606.0,2605.0,2603.0,2605.0,2616.0,2632.0,2651.0,2667.0,2677.0,2677.0,2672.0,2669.0,2677.0,2703.0,2752.0,2822.0,2901.0,2975.0,3033.0,3071.0,3093.0,3114.0,3157.0,3235.0,3358.0,3516.0,3690.0,3854.0,3987.0,4080.0,4140.0,4186.0,4247.0,4341.0,4478.0,4647.0,4822.0
Lesotho,Population,Total Population - Both sexes,866.0,882.0,898.0,915.0,933.0,952.0,971.0,991.0,1011.0,1032.0,1054.0,1075.0,1098.0,1122.0,1149.0,1178.0,1209.0,1241.0,1274.0,1307.0,1341.0,1374.0,1407.0,1438.0,1468.0,1495.0,1520.0,1545.0,1570.0,1598.0,1628.0,1660.0,1693.0,1725.0,1754.0,1779.0,1802.0,1822.0,1840.0,1856.0,1872.0,1885.0,1899.0,1912.0,1926.0,1940.0,1956.0,1972.0,1990.0,2009.0,2030.0,2052.0,2074.0
Liberia,Population,Total Population - Both sexes,1145.0,1170.0,1197.0,1224.0,1253.0,1283.0,1315.0,1348.0,1383.0,1420.0,1458.0,1497.0,1539.0,1583.0,1629.0,1676.0,1724.0,1775.0,1831.0,1893.0,1962.0,2036.0,2108.0,2164.0,2197.0,2207.0,2196.0,2170.0,2137.0,2103.0,2066.0,2029.0,2006.0,2019.0,2080.0,2198.0,2365.0,2558.0,2742.0,2892.0,2999.0,3071.0,3124.0,3185.0,3270.0,3385.0,3522.0,3673.0,3821.0,3958.0,4080.0,4190.0,4294.0
Madagascar,Population,Total Population - Both sexes,5224.0,5353.0,5487.0,5625.0,5769.0,5918.0,6072.0,6233.0,6400.0,6576.0,6760.0,6952.0,7152.0,7360.0,7576.0,7800.0,8032.0,8269.0,8508.0,8747.0,8983.0,9221.0,9462.0,9714.0,9981.0,10264.0,10563.0,10878.0,11206.0,11546.0,11898.0,12264.0,12644.0,13040.0,13453.0,13883.0,14329.0,14790.0,15263.0,15745.0,16236.0,16736.0,17245.0,17763.0,18290.0,18826.0,19371.0,19927.0,20496.0,21080.0,21679.0,22294.0,22925.0
Malawi,Population,Total Population - Both sexes,3607.0,3694.0,3784.0,3877.0,3974.0,4074.0,4177.0,4286.0,4403.0,4530.0,4666.0,4812.0,4967.0,5130.0,5300.0,5479.0,5668.0,5862.0,6053.0,6237.0,6404.0,6559.0,6731.0,6958.0,7265.0,7668.0,8150.0,8655.0,9105.0,9447.0,9658.0,9759.0,9801.0,9852.0,9964.0,10153.0,10404.0,10700.0,11013.0,11321.0,11623.0,11927.0,12239.0,12569.0,12925.0,13308.0,13714.0,14138.0,14573.0,15014.0,15458.0,15906.0,16363.0
Malaysia,Population,Total Population - Both sexes,8429.0,8711.0,8999.0,9287.0,9570.0,9844.0,10112.0,10376.0,10640.0,10909.0,11182.0,11460.0,11742.0,12026.0,12312.0,12600.0,12892.0,13192.0,13504.0,13834.0,14180.0,14544.0,14927.0,15333.0,15764.0,16222.0,16704.0,17202.0,17707.0,18211.0,18710.0,19205.0,19701.0,20207.0,20725.0,21260.0,21806.0,22355.0,22896.0,23421.0,23926.0,24414.0,24891.0,25365.0,25843.0,26327.0,26814.0,27302.0,27790.0,28276.0,28759.0,29240.0,29717.0
Maldives,Population,Total Population - Both sexes,91.0,94.0,96.0,99.0,101.0,104.0,106.0,108.0,111.0,114.0,118.0,122.0,126.0,130.0,134.0,138.0,142.0,146.0,150.0,154.0,159.0,165.0,171.0,177.0,184.0,190.0,197.0,203.0,210.0,216.0,222.0,228.0,234.0,239.0,245.0,251.0,256.0,262.0,267.0,273.0,278.0,283.0,288.0,293.0,298.0,303.0,308.0,314.0,320.0,326.0,332.0,338.0,345.0
Mali,Population,Total Population - Both sexes,5152.0,5205.0,5260.0,5316.0,5374.0,5435.0,5499.0,5566.0,5638.0,5716.0,5801.0,5893.0,5990.0,6090.0,6191.0,6293.0,6396.0,6503.0,6615.0,6735.0,6866.0,7004.0,7146.0,7281.0,7405.0,7515.0,7614.0,7713.0,7826.0,7964.0,8130.0,8323.0,8535.0,8759.0,8989.0,9222.0,9462.0,9712.0,9977.0,10261.0,10563.0,10883.0,11220.0,11573.0,11941.0,12326.0,12726.0,13138.0,13559.0,13986.0,14417.0,14854.0,15302.0
Malta,Population,Total Population - Both sexes,313.0,312.0,310.0,308.0,307.0,306.0,306.0,305.0,305.0,305.0,305.0,305.0,305.0,306.0,308.0,311.0,315.0,320.0,325.0,330.0,335.0,340.0,345.0,350.0,354.0,359.0,363.0,367.0,371.0,375.0,380.0,384.0,388.0,392.0,396.0,399.0,401.0,404.0,406.0,408.0,409.0,410.0,412.0,413.0,415.0,417.0,419.0,421.0,423.0,425.0,426.0,428.0,429.0
Mauritania,Population,Total Population - Both sexes,883.0,909.0,936.0,964.0,992.0,1022.0,1052.0,1084.0,1116.0,1149.0,1183.0,1218.0,1254.0,1291.0,1329.0,1368.0,1408.0,1449.0,1491.0,1534.0,1579.0,1624.0,1671.0,1719.0,1767.0,1816.0,1866.0,1917.0,1969.0,2024.0,2081.0,2141.0,2203.0,2267.0,2334.0,2404.0,2476.0,2550.0,2628.0,2708.0,2791.0,2877.0,2966.0,3055.0,3146.0,3238.0,3330.0,3423.0,3516.0,3609.0,3703.0,3796.0,3890.0
Mauritius,Population,Total Population - Both sexes,679.0,698.0,717.0,736.0,753.0,770.0,785.0,799.0,813.0,826.0,840.0,852.0,865.0,878.0,892.0,907.0,922.0,938.0,953.0,966.0,978.0,989.0,999.0,1008.0,1016.0,1023.0,1030.0,1037.0,1046.0,1056.0,1068.0,1083.0,1098.0,1114.0,1129.0,1142.0,1155.0,1166.0,1176.0,1185.0,1193.0,1199.0,1204.0,1209.0,1213.0,1217.0,1220.0,1223.0,1227.0,1231.0,1235.0,1240.0,1244.0
Mexico,Population,Total Population - Both sexes,39939.0,41234.0,42564.0,43931.0,45339.0,46784.0,48264.0,49788.0,51361.0,52988.0,54669.0,56396.0,58156.0,59931.0,61708.0,63486.0,65261.0,67013.0,68715.0,70353.0,71916.0,73416.0,74880.0,76351.0,77859.0,79410.0,80999.0,82635.0,84327.0,86077.0,87890.0,89758.0,91654.0,93542.0,95393.0,97202.0,98969.0,100679.0,102317.0,103874.0,105340.0,106724.0,108056.0,109382.0,110732.0,112117.0,113530.0,114968.0,116423.0,117886.0,119361.0,120847.0,122332.0
Mongolia,Population,Total Population - Both sexes,982.0,1011.0,1042.0,1075.0,1107.0,1140.0,1173.0,1207.0,1242.0,1279.0,1317.0,1357.0,1397.0,1438.0,1480.0,1521.0,1562.0,1604.0,1646.0,1690.0,1733.0,1778.0,1823.0,1871.0,1922.0,1976.0,2033.0,2090.0,2141.0,2184.0,2218.0,2244.0,2263.0,2281.0,2298.0,2317.0,2336.0,2356.0,2376.0,2397.0,2420.0,2443.0,2469.0,2496.0,2527.0,2559.0,2595.0,2633.0,2672.0,2713.0,2754.0,2796.0,2839.0
Morocco,Population,Total Population - Both sexes,12687.0,13039.0,13387.0,13737.0,14092.0,14455.0,14822.0,15192.0,15558.0,15916.0,16267.0,16612.0,16958.0,17314.0,17685.0,18074.0,18479.0,18901.0,19341.0,19799.0,20275.0,20768.0,21271.0,21776.0,22278.0,22772.0,23260.0,23740.0,24212.0,24675.0,25128.0,25570.0,26000.0,26421.0,26833.0,27237.0,27632.0,28014.0,28374.0,28710.0,29021.0,29311.0,29587.0,29856.0,30125.0,30395.0,30667.0,30955.0,31277.0,31642.0,32059.0,32521.0,33008.0
Mozambique,Population,Total Population - Both sexes,7800.0,7960.0,8125.0,8297.0,8474.0,8657.0,8847.0,9043.0,9245.0,9453.0,9666.0,9883.0,10110.0,10354.0,10620.0,10908.0,11213.0,11527.0,11840.0,12142.0,12439.0,12729.0,12993.0,13201.0,13339.0,13391.0,13375.0,13349.0,13395.0,13568.0,13894.0,14350.0,14893.0,15453.0,15982.0,16463.0,16915.0,17351.0,17798.0,18276.0,18786.0,19320.0,19873.0,20439.0,21010.0,21587.0,22171.0,22763.0,23361.0,23967.0,24581.0,25203.0,25834.0
Myanmar,Population,Total Population - Both sexes,21962.0,22447.0,22947.0,23471.0,24024.0,24607.0,25218.0,25853.0,26504.0,27166.0,27837.0,28517.0,29210.0,29917.0,30641.0,31379.0,32131.0,32896.0,33677.0,34475.0,35289.0,36115.0,36942.0,37756.0,38546.0,39308.0,40042.0,40753.0,41445.0,42123.0,42782.0,43422.0,44053.0,44686.0,45330.0,45992.0,46664.0,47321.0,47926.0,48453.0,48894.0,49261.0,49577.0,49875.0,50181.0,50500.0,50829.0,51174.0,51540.0,51931.0,52351.0,52797.0,53259.0
Namibia,Population,Total Population - Both sexes,617.0,633.0,649.0,665.0,683.0,700.0,719.0,738.0,758.0,780.0,804.0,830.0,856.0,882.0,906.0,928.0,950.0,971.0,991.0,1013.0,1034.0,1057.0,1082.0,1112.0,1149.0,1195.0,1247.0,1304.0,1361.0,1415.0,1466.0,1514.0,1559.0,1606.0,1654.0,1705.0,1758.0,1810.0,1857.0,1898.0,1931.0,1958.0,1981.0,2003.0,2027.0,2053.0,2081.0,2111.0,2143.0,2179.0,2218.0,2259.0,2303.0
Nepal,Population,Total Population - Both sexes,9710.0,9882.0,10061.0,10248.0,10444.0,10649.0,10864.0,11088.0,11320.0,11559.0,11806.0,12061.0,12323.0,12593.0,12871.0,13156.0,13450.0,13752.0,14063.0,14385.0,14718.0,15063.0,15417.0,15778.0,16144.0,16513.0,16888.0,17274.0,17680.0,18111.0,18569.0,19051.0,19552.0,20065.0,20587.0,21115.0,21647.0,22175.0,22690.0,23184.0,23655.0,24103.0,24526.0,24922.0,25292.0,25634.0,25950.0,26249.0,26545.0,26846.0,27156.0,27474.0,27797.0
Netherlands,Population,Total Population - Both sexes,11576.0,11735.0,11896.0,12055.0,12213.0,12369.0,12521.0,12670.0,12816.0,12958.0,13096.0,13230.0,13359.0,13482.0,13599.0,13709.0,13813.0,13911.0,14002.0,14087.0,14165.0,14237.0,14307.0,14378.0,14452.0,14530.0,14613.0,14701.0,14793.0,14890.0,14993.0,15101.0,15211.0,15318.0,15420.0,15515.0,15603.0,15688.0,15773.0,15860.0,15950.0,16042.0,16134.0,16221.0,16302.0,16376.0,16443.0,16504.0,16561.0,16615.0,16666.0,16714.0,16759.0
New Caledonia,Population,Total Population - Both sexes,81.0,83.0,86.0,89.0,91.0,94.0,96.0,99.0,101.0,105.0,109.0,114.0,119.0,124.0,128.0,132.0,135.0,137.0,140.0,142.0,144.0,147.0,149.0,151.0,154.0,157.0,159.0,162.0,165.0,169.0,172.0,176.0,181.0,185.0,189.0,193.0,198.0,202.0,206.0,210.0,214.0,218.0,221.0,225.0,229.0,232.0,236.0,239.0,243.0,246.0,250.0,253.0,256.0
New Zealand,Population,Total Population - Both sexes,2424.0,2477.0,2531.0,2582.0,2628.0,2669.0,2704.0,2738.0,2776.0,2820.0,2872.0,2931.0,2990.0,3043.0,3083.0,3109.0,3123.0,3129.0,3136.0,3147.0,3165.0,3189.0,3216.0,3244.0,3269.0,3291.0,3311.0,3333.0,3361.0,3398.0,3446.0,3503.0,3565.0,3623.0,3675.0,3717.0,3752.0,3783.0,3817.0,3858.0,3907.0,3962.0,4021.0,4079.0,4134.0,4185.0,4233.0,4278.0,4323.0,4368.0,4414.0,4460.0,4506.0
Nicaragua,Population,Total Population - Both sexes,1830.0,1887.0,1944.0,2002.0,2063.0,2126.0,2191.0,2258.0,2328.0,2400.0,2474.0,2551.0,2631.0,2713.0,2798.0,2885.0,2975.0,3066.0,3158.0,3250.0,3344.0,3437.0,3530.0,3621.0,3710.0,3795.0,3877.0,3960.0,4046.0,4138.0,4237.0,4342.0,4450.0,4557.0,4659.0,4757.0,4849.0,4937.0,5021.0,5101.0,5177.0,5249.0,5318.0,5386.0,5455.0,5525.0,5596.0,5668.0,5743.0,5822.0,5905.0,5992.0,6080.0
Niger,Population,Total Population - Both sexes,3429.0,3526.0,3626.0,3730.0,3836.0,3946.0,4058.0,4173.0,4291.0,4413.0,4537.0,4665.0,4796.0,4931.0,5071.0,5215.0,5364.0,5517.0,5674.0,5834.0,5999.0,6168.0,6342.0,6521.0,6705.0,6896.0,7093.0,7300.0,7520.0,7754.0,8004.0,8270.0,8553.0,8852.0,9167.0,9500.0,9850.0,10216.0,10596.0,10990.0,11396.0,11817.0,12254.0,12709.0,13184.0,13680.0,14197.0,14738.0,15303.0,15894.0,16511.0,17157.0,17831.0
Nigeria,Population,Total Population - Both sexes,46144.0,47118.0,48128.0,49170.0,50239.0,51336.0,52469.0,53641.0,54859.0,56132.0,57454.0,58829.0,60285.0,61857.0,63566.0,65427.0,67425.0,69512.0,71619.0,73698.0,75730.0,77730.0,79729.0,81775.0,83902.0,86118.0,88413.0,90774.0,93180.0,95617.0,98085.0,100592.0,103145.0,105753.0,108425.0,111166.0,113979.0,116867.0,119832.0,122877.0,126005.0,129225.0,132550.0,135999.0,139586.0,143315.0,147187.0,151208.0,155381.0,159708.0,164193.0,168834.0,173615.0
Norway,Population,Total Population - Both sexes,3611.0,3639.0,3667.0,3695.0,3724.0,3754.0,3785.0,3815.0,3846.0,3876.0,3905.0,3933.0,3960.0,3984.0,4006.0,4025.0,4042.0,4056.0,4070.0,4083.0,4095.0,4108.0,4120.0,4134.0,4148.0,4164.0,4181.0,4200.0,4220.0,4240.0,4262.0,4286.0,4310.0,4334.0,4360.0,4386.0,4413.0,4440.0,4466.0,4492.0,4515.0,4537.0,4560.0,4588.0,4624.0,4669.0,4721.0,4778.0,4836.0,4891.0,4944.0,4994.0,5043.0
Pakistan,Population,Total Population - Both sexes,46674.0,47864.0,49109.0,50404.0,51747.0,53138.0,54582.0,56075.0,57615.0,59204.0,60841.0,62532.0,64299.0,66167.0,68155.0,70269.0,72505.0,74869.0,77362.0,79984.0,82733.0,85602.0,88577.0,91643.0,94783.0,97998.0,101278.0,104583.0,107865.0,111091.0,114229.0,117291.0,120337.0,123451.0,126690.0,130084.0,133597.0,137139.0,140580.0,143832.0,146857.0,149694.0,152420.0,155151.0,157971.0,160906.0,163928.0,167008.0,170094.0,173149.0,176166.0,179160.0,182143.0
Panama,Population,Total Population - Both sexes,1170.0,1206.0,1243.0,1281.0,1319.0,1359.0,1399.0,1440.0,1482.0,1526.0,1570.0,1615.0,1661.0,1707.0,1754.0,1801.0,1848.0,1895.0,1942.0,1990.0,2038.0,2086.0,2135.0,2184.0,2233.0,2283.0,2333.0,2384.0,2435.0,2487.0,2539.0,2592.0,2646.0,2701.0,2757.0,2815.0,2873.0,2933.0,2994.0,3055.0,3116.0,3178.0,3241.0,3303.0,3366.0,3429.0,3491.0,3553.0,3616.0,3678.0,3740.0,3802.0,3864.0
Paraguay,Population,Total Population - Both sexes,1958.0,2011.0,2065.0,2121.0,2178.0,2237.0,2298.0,2360.0,2422.0,2485.0,2547.0,2609.0,2672.0,2737.0,2805.0,2876.0,2951.0,3029.0,3111.0,3199.0,3292.0,3390.0,3492.0,3597.0,3704.0,3811.0,3920.0,4029.0,4139.0,4250.0,4360.0,4471.0,4581.0,4692.0,4802.0,4912.0,5021.0,5131.0,5240.0,5350.0,5461.0,5571.0,5682.0,5793.0,5904.0,6015.0,6125.0,6236.0,6347.0,6460.0,6573.0,6687.0,6802.0
Peru,Population,Total Population - Both sexes,10218.0,10517.0,10826.0,11144.0,11468.0,11798.0,12134.0,12478.0,12831.0,13195.0,13569.0,13954.0,14348.0,14752.0,15164.0,15586.0,16016.0,16451.0,16890.0,17329.0,17766.0,18204.0,18641.0,19081.0,19525.0,19973.0,20424.0,20876.0,21326.0,21772.0,22213.0,22650.0,23082.0,23511.0,23939.0,24366.0,24790.0,25207.0,25611.0,26000.0,26372.0,26730.0,27073.0,27404.0,27723.0,28031.0,28328.0,28626.0,28934.0,29263.0,29615.0,29988.0,30376.0
Philippines,Population,Total Population - Both sexes,27163.0,28080.0,29016.0,29962.0,30913.0,31867.0,32826.0,33797.0,34788.0,35805.0,36852.0,37926.0,39027.0,40151.0,41296.0,42462.0,43652.0,44868.0,46115.0,47398.0,48716.0,50068.0,51453.0,52873.0,54325.0,55812.0,57329.0,58867.0,60410.0,61949.0,63476.0,64997.0,66517.0,68051.0,69607.0,71185.0,72781.0,74393.0,76018.0,77652.0,79298.0,80954.0,82605.0,84231.0,85821.0,87367.0,88876.0,90371.0,91886.0,93444.0,95053.0,96707.0,98394.0
Poland,Population,Total Population - Both sexes,30043.0,30418.0,30768.0,31092.0,31392.0,31665.0,31916.0,32153.0,32389.0,32632.0,32886.0,33150.0,33426.0,33713.0,34011.0,34319.0,34636.0,34963.0,35299.0,35641.0,35990.0,36342.0,36685.0,37003.0,37285.0,37524.0,37723.0,37888.0,38028.0,38150.0,38255.0,38343.0,38411.0,38457.0,38480.0,38480.0,38461.0,38429.0,38390.0,38351.0,38315.0,38281.0,38250.0,38225.0,38206.0,38194.0,38189.0,38190.0,38194.0,38199.0,38205.0,38211.0,38217.0
Portugal,Population,Total Population - Both sexes,8899.0,8917.0,8924.0,8916.0,8889.0,8840.0,8774.0,8710.0,8670.0,8670.0,8718.0,8805.0,8923.0,9054.0,9186.0,9316.0,9445.0,9566.0,9675.0,9765.0,9834.0,9883.0,9914.0,9931.0,9938.0,9934.0,9921.0,9905.0,9895.0,9899.0,9920.0,9955.0,10001.0,10050.0,10097.0,10141.0,10182.0,10223.0,10264.0,10306.0,10351.0,10396.0,10439.0,10478.0,10511.0,10537.0,10556.0,10570.0,10581.0,10590.0,10598.0,10604.0,10608.0
Republic of Korea,Population,Total Population - Both sexes,25809.0,26495.0,27143.0,27771.0,28393.0,29006.0,29607.0,30204.0,30812.0,31437.0,32088.0,32759.0,33435.0,34092.0,34713.0,35291.0,35832.0,36356.0,36890.0,37451.0,38046.0,38666.0,39295.0,39913.0,40502.0,41059.0,41586.0,42082.0,42544.0,42972.0,43364.0,43721.0,44049.0,44357.0,44653.0,44941.0,45221.0,45489.0,45742.0,45977.0,46193.0,46394.0,46592.0,46801.0,47033.0,47291.0,47573.0,47868.0,48165.0,48454.0,48733.0,49003.0,49263.0
Romania,Population,Total Population - Both sexes,18587.0,18685.0,18773.0,18883.0,19037.0,19245.0,19497.0,19777.0,20062.0,20332.0,20583.0,20818.0,21041.0,21257.0,21470.0,21679.0,21882.0,22074.0,22248.0,22400.0,22525.0,22626.0,22712.0,22800.0,22898.0,23011.0,23135.0,23251.0,23335.0,23372.0,23356.0,23294.0,23197.0,23083.0,22964.0,22842.0,22717.0,22596.0,22485.0,22388.0,22310.0,22250.0,22202.0,22158.0,22113.0,22065.0,22016.0,21965.0,21913.0,21861.0,21809.0,21755.0,21699.0
Rwanda,Population,Total Population - Both sexes,2996.0,3051.0,3103.0,3162.0,3233.0,3319.0,3418.0,3527.0,3641.0,3755.0,3868.0,3984.0,4102.0,4227.0,4359.0,4500.0,4648.0,4804.0,4969.0,5141.0,5314.0,5485.0,5667.0,5874.0,6113.0,6406.0,6741.0,7046.0,7224.0,7215.0,6974.0,6545.0,6066.0,5728.0,5664.0,5930.0,6471.0,7170.0,7853.0,8396.0,8760.0,8988.0,9126.0,9254.0,9429.0,9661.0,9928.0,10223.0,10530.0,10837.0,11144.0,11458.0,11777.0
Saint Kitts and Nevis,Population,Total Population - Both sexes,51.0,51.0,51.0,50.0,49.0,48.0,47.0,46.0,46.0,45.0,44.0,44.0,44.0,44.0,44.0,44.0,44.0,44.0,43.0,43.0,43.0,43.0,43.0,42.0,42.0,42.0,41.0,41.0,41.0,41.0,41.0,41.0,42.0,42.0,43.0,43.0,44.0,44.0,45.0,46.0,46.0,47.0,48.0,48.0,49.0,50.0,50.0,51.0,52.0,52.0,53.0,54.0,54.0
Saint Lucia,Population,Total Population - Both sexes,91.0,92.0,93.0,95.0,96.0,98.0,100.0,101.0,103.0,104.0,105.0,106.0,107.0,109.0,110.0,111.0,113.0,115.0,116.0,118.0,120.0,121.0,123.0,124.0,126.0,129.0,131.0,134.0,136.0,138.0,140.0,142.0,144.0,145.0,147.0,149.0,151.0,153.0,155.0,157.0,159.0,160.0,162.0,163.0,165.0,168.0,170.0,173.0,175.0,177.0,179.0,181.0,182.0
Saint Vincent and the Grenadines,Population,Total Population - Both sexes,82.0,83.0,84.0,85.0,86.0,87.0,88.0,89.0,90.0,90.0,91.0,92.0,94.0,95.0,96.0,97.0,98.0,99.0,100.0,101.0,101.0,102.0,103.0,104.0,104.0,105.0,106.0,107.0,107.0,108.0,108.0,108.0,108.0,108.0,108.0,108.0,108.0,108.0,108.0,108.0,108.0,108.0,108.0,109.0,109.0,109.0,109.0,109.0,109.0,109.0,109.0,109.0,109.0
Samoa,Population,Total Population - Both sexes,112.0,116.0,120.0,123.0,127.0,131.0,134.0,138.0,141.0,143.0,145.0,147.0,149.0,150.0,151.0,152.0,153.0,154.0,155.0,156.0,156.0,157.0,158.0,159.0,160.0,161.0,161.0,161.0,162.0,163.0,164.0,166.0,167.0,169.0,170.0,171.0,172.0,173.0,174.0,175.0,176.0,177.0,178.0,179.0,180.0,181.0,182.0,183.0,185.0,186.0,187.0,189.0,190.0
Sao Tome and Principe,Population,Total Population - Both sexes,65.0,64.0,64.0,64.0,65.0,66.0,68.0,70.0,72.0,74.0,76.0,78.0,79.0,81.0,83.0,85.0,87.0,90.0,93.0,95.0,97.0,99.0,101.0,102.0,104.0,107.0,109.0,112.0,115.0,117.0,120.0,123.0,126.0,128.0,130.0,132.0,134.0,136.0,137.0,139.0,142.0,144.0,147.0,151.0,155.0,159.0,163.0,168.0,173.0,178.0,183.0,188.0,193.0
Saudi Arabia,Population,Total Population - Both sexes,4203.0,4346.0,4498.0,4658.0,4823.0,4993.0,5171.0,5362.0,5571.0,5803.0,6060.0,6342.0,6654.0,6998.0,7378.0,7791.0,8237.0,8722.0,9257.0,9843.0,10485.0,11173.0,11885.0,12593.0,13274.0,13918.0,14528.0,15108.0,15665.0,16206.0,16740.0,17264.0,17758.0,18197.0,18567.0,18848.0,19061.0,19283.0,19621.0,20145.0,20892.0,21825.0,22852.0,23839.0,24690.0,25372.0,25916.0,26366.0,26796.0,27258.0,27762.0,28288.0,28829.0
Senegal,Population,Total Population - Both sexes,3266.0,3357.0,3451.0,3548.0,3649.0,3754.0,3863.0,3976.0,4094.0,4218.0,4349.0,4486.0,4626.0,4765.0,4901.0,5032.0,5161.0,5290.0,5425.0,5569.0,5724.0,5888.0,6063.0,6246.0,6438.0,6638.0,6846.0,7062.0,7285.0,7514.0,7750.0,7991.0,8235.0,8476.0,8712.0,8940.0,9164.0,9388.0,9619.0,9862.0,10119.0,10390.0,10674.0,10968.0,11271.0,11583.0,11905.0,12239.0,12587.0,12951.0,13331.0,13726.0,14133.0
Sierra Leone,Population,Total Population - Both sexes,2189.0,2219.0,2252.0,2285.0,2321.0,2358.0,2398.0,2439.0,2484.0,2532.0,2583.0,2638.0,2696.0,2757.0,2821.0,2888.0,2958.0,3030.0,3104.0,3180.0,3256.0,3331.0,3408.0,3492.0,3584.0,3688.0,3801.0,3908.0,3993.0,4043.0,4053.0,4032.0,3991.0,3952.0,3927.0,3920.0,3928.0,3962.0,4030.0,4140.0,4296.0,4493.0,4713.0,4928.0,5120.0,5281.0,5416.0,5532.0,5641.0,5752.0,5865.0,5979.0,6092.0
Solomon Islands,Population,Total Population - Both sexes,121.0,125.0,129.0,133.0,137.0,141.0,145.0,150.0,155.0,160.0,166.0,173.0,179.0,186.0,193.0,201.0,208.0,215.0,223.0,231.0,238.0,247.0,255.0,263.0,271.0,279.0,287.0,295.0,303.0,312.0,321.0,330.0,339.0,349.0,359.0,369.0,380.0,390.0,401.0,412.0,424.0,435.0,446.0,458.0,469.0,481.0,492.0,504.0,515.0,526.0,538.0,550.0,561.0
South Africa,Population,Total Population - Both sexes,17850.0,18322.0,18810.0,19308.0,19814.0,20325.0,20844.0,21375.0,21926.0,22503.0,23107.0,23736.0,24385.0,25041.0,25699.0,26354.0,27010.0,27674.0,28361.0,29077.0,29829.0,30611.0,31410.0,32205.0,32983.0,33733.0,34463.0,35195.0,35965.0,36793.0,37694.0,38650.0,39623.0,40562.0,41427.0,42204.0,42907.0,43558.0,44196.0,44846.0,45513.0,46188.0,46869.0,47553.0,48235.0,48919.0,49603.0,50267.0,50890.0,51452.0,51949.0,52386.0,52776.0
Spain,Population,Total Population - Both sexes,30737.0,31074.0,31421.0,31771.0,32114.0,32449.0,32776.0,33103.0,33441.0,33796.0,34169.0,34556.0,34951.0,35348.0,35739.0,36124.0,36501.0,36862.0,37195.0,37493.0,37755.0,37981.0,38174.0,38336.0,38472.0,38582.0,38668.0,38740.0,38808.0,38883.0,38973.0,39080.0,39197.0,39312.0,39421.0,39514.0,39604.0,39730.0,39945.0,40283.0,40757.0,41347.0,42016.0,42710.0,43387.0,44038.0,44664.0,45243.0,45754.0,46182.0,46514.0,46755.0,46927.0
Sri Lanka,Population,Total Population - Both sexes,10128.0,10365.0,10607.0,10857.0,11116.0,11384.0,11659.0,11938.0,12215.0,12485.0,12747.0,13001.0,13251.0,13501.0,13755.0,14012.0,14272.0,14532.0,14786.0,15033.0,15270.0,15499.0,15723.0,15947.0,16175.0,16408.0,16643.0,16878.0,17106.0,17324.0,17533.0,17733.0,17921.0,18091.0,18242.0,18368.0,18474.0,18576.0,18695.0,18846.0,19037.0,19261.0,19502.0,19738.0,19951.0,20138.0,20302.0,20452.0,20602.0,20759.0,20926.0,21098.0,21273.0
Sudan (former),Population,Total Population - Both sexes,11838.0,12122.0,12414.0,12713.0,13021.0,13338.0,13665.0,14009.0,14374.0,14766.0,15186.0,15635.0,16111.0,16611.0,17132.0,17673.0,18233.0,18815.0,19427.0,20071.0,20751.0,21460.0,22180.0,22880.0,23543.0,24158.0,24736.0,25297.0,25876.0,26494.0,27160.0,27866.0,28606.0,29367.0,30141.0,30929.0,31734.0,32549.0,33369.0,34188.0,35002.0,35816.0,36643.0,37504.0,38410.0,39369.0,40374.0,41415.0,42478.0,43552.0,43552.0,,
Suriname,Population,Total Population - Both sexes,298.0,307.0,315.0,323.0,332.0,342.0,351.0,361.0,368.0,372.0,374.0,373.0,370.0,367.0,364.0,363.0,363.0,364.0,365.0,366.0,367.0,368.0,370.0,372.0,376.0,381.0,387.0,393.0,400.0,407.0,413.0,419.0,424.0,430.0,436.0,442.0,448.0,454.0,460.0,467.0,473.0,480.0,487.0,493.0,500.0,505.0,510.0,515.0,520.0,525.0,530.0,535.0,539.0
Swaziland,Population,Total Population - Both sexes,358.0,366.0,374.0,383.0,392.0,401.0,411.0,422.0,434.0,446.0,459.0,472.0,487.0,502.0,517.0,533.0,550.0,568.0,585.0,603.0,621.0,639.0,658.0,680.0,705.0,735.0,767.0,801.0,834.0,863.0,887.0,908.0,926.0,944.0,963.0,985.0,1007.0,1029.0,1048.0,1064.0,1075.0,1082.0,1088.0,1095.0,1105.0,1118.0,1135.0,1154.0,1174.0,1193.0,1212.0,1231.0,1250.0
Sweden,Population,Total Population - Both sexes,7527.0,7576.0,7628.0,7683.0,7741.0,7804.0,7871.0,7937.0,7997.0,8049.0,8090.0,8122.0,8146.0,8169.0,8193.0,8219.0,8246.0,8272.0,8295.0,8311.0,8320.0,8323.0,8326.0,8334.0,8351.0,8378.0,8414.0,8457.0,8506.0,8559.0,8617.0,8678.0,8738.0,8789.0,8827.0,8849.0,8859.0,8861.0,8864.0,8872.0,8888.0,8911.0,8942.0,8981.0,9030.0,9090.0,9159.0,9235.0,9310.0,9382.0,9449.0,9511.0,9571.0
Switzerland,Population,Total Population - Both sexes,5393.0,5503.0,5618.0,5729.0,5830.0,5917.0,5992.0,6056.0,6115.0,6169.0,6222.0,6270.0,6311.0,6341.0,6356.0,6355.0,6341.0,6322.0,6307.0,6304.0,6316.0,6341.0,6377.0,6416.0,6456.0,6493.0,6531.0,6571.0,6618.0,6674.0,6740.0,6814.0,6890.0,6960.0,7017.0,7060.0,7090.0,7114.0,7137.0,7166.0,7201.0,7242.0,7289.0,7345.0,7409.0,7482.0,7565.0,7653.0,7743.0,7831.0,7915.0,7997.0,8078.0
Thailand,Population,Total Population - Both sexes,28195.0,29059.0,29951.0,30871.0,31816.0,32784.0,33774.0,34786.0,35821.0,36879.0,37959.0,39058.0,40162.0,41258.0,42333.0,43382.0,44408.0,45412.0,46398.0,47369.0,48320.0,49247.0,50165.0,51090.0,52032.0,53003.0,53993.0,54957.0,55833.0,56583.0,57184.0,57661.0,58070.0,58491.0,58984.0,59562.0,60207.0,60903.0,61623.0,62343.0,63069.0,63798.0,64488.0,65087.0,65559.0,65884.0,66077.0,66185.0,66277.0,66402.0,66576.0,66785.0,67011.0
Timor-Leste,Population,Total Population - Both sexes,509.0,518.0,527.0,537.0,548.0,558.0,568.0,579.0,591.0,604.0,620.0,638.0,653.0,663.0,663.0,652.0,632.0,609.0,590.0,581.0,584.0,597.0,617.0,639.0,660.0,678.0,695.0,712.0,730.0,751.0,777.0,805.0,832.0,854.0,867.0,869.0,863.0,853.0,848.0,854.0,871.0,899.0,933.0,967.0,996.0,1018.0,1036.0,1050.0,1064.0,1079.0,1096.0,1114.0,1133.0
Togo,Population,Total Population - Both sexes,1598.0,1613.0,1632.0,1662.0,1709.0,1774.0,1855.0,1946.0,2035.0,2116.0,2186.0,2248.0,2303.0,2357.0,2410.0,2464.0,2519.0,2576.0,2643.0,2721.0,2812.0,2915.0,3026.0,3140.0,3253.0,3364.0,3473.0,3580.0,3685.0,3788.0,3888.0,3985.0,4082.0,4181.0,4284.0,4392.0,4504.0,4621.0,4741.0,4865.0,4992.0,5124.0,5259.0,5398.0,5540.0,5686.0,5835.0,5987.0,6144.0,6306.0,6472.0,6643.0,6817.0
Trinidad and Tobago,Population,Total Population - Both sexes,865.0,880.0,893.0,903.0,912.0,920.0,926.0,931.0,938.0,946.0,956.0,969.0,983.0,997.0,1011.0,1026.0,1040.0,1054.0,1069.0,1085.0,1103.0,1121.0,1139.0,1156.0,1171.0,1184.0,1195.0,1205.0,1214.0,1222.0,1230.0,1237.0,1244.0,1250.0,1255.0,1258.0,1261.0,1263.0,1265.0,1268.0,1272.0,1278.0,1284.0,1290.0,1297.0,1303.0,1310.0,1316.0,1323.0,1328.0,1333.0,1337.0,1341.0
Tunisia,Population,Total Population - Both sexes,4013.0,4116.0,4222.0,4330.0,4438.0,4546.0,4655.0,4764.0,4873.0,4983.0,5092.0,5202.0,5316.0,5434.0,5561.0,5696.0,5839.0,5989.0,6146.0,6308.0,6475.0,6647.0,6823.0,7004.0,7189.0,7377.0,7567.0,7758.0,7948.0,8135.0,8319.0,8499.0,8672.0,8834.0,8983.0,9117.0,9237.0,9347.0,9451.0,9553.0,9652.0,9750.0,9847.0,9947.0,10051.0,10160.0,10274.0,10391.0,10511.0,10632.0,10753.0,10875.0,10997.0
Turkey,Population,Total Population - Both sexes,28229.0,28910.0,29597.0,30293.0,31000.0,31718.0,32448.0,33196.0,33969.0,34772.0,35608.0,36475.0,37367.0,38273.0,39186.0,40101.0,41020.0,41953.0,42912.0,43906.0,44937.0,45998.0,47073.0,48138.0,49178.0,50187.0,51168.0,52126.0,53066.0,53995.0,54911.0,55815.0,56713.0,57613.0,58522.0,59443.0,60372.0,61308.0,62244.0,63174.0,64100.0,65022.0,65938.0,66846.0,67743.0,68626.0,69497.0,70364.0,71241.0,72138.0,73059.0,73997.0,74933.0
Uganda,Population,Total Population - Both sexes,7007.0,7240.0,7487.0,7746.0,8014.0,8293.0,8581.0,8873.0,9163.0,9446.0,9720.0,9988.0,10257.0,10534.0,10827.0,11140.0,11471.0,11818.0,12179.0,12550.0,12931.0,13324.0,13738.0,14182.0,14661.0,15181.0,15736.0,16320.0,16923.0,17535.0,18156.0,18788.0,19430.0,20081.0,20741.0,21408.0,22085.0,22780.0,23508.0,24276.0,25088.0,25943.0,26838.0,27767.0,28725.0,29711.0,30729.0,31779.0,32864.0,33987.0,35148.0,36346.0,37579.0
United Arab Emirates,Population,Total Population - Both sexes,98.0,109.0,122.0,134.0,146.0,157.0,167.0,181.0,201.0,232.0,272.0,322.0,383.0,453.0,533.0,623.0,724.0,827.0,926.0,1015.0,1091.0,1156.0,1215.0,1277.0,1347.0,1427.0,1515.0,1609.0,1707.0,1806.0,1908.0,2013.0,2121.0,2232.0,2346.0,2471.0,2609.0,2753.0,2894.0,3026.0,3132.0,3224.0,3369.0,3659.0,4149.0,4876.0,5797.0,6799.0,7718.0,8442.0,8925.0,9206.0,9346.0
United Kingdom,Population,Total Population - Both sexes,53054.0,53425.0,53802.0,54170.0,54516.0,54834.0,55124.0,55386.0,55619.0,55823.0,56000.0,56147.0,56265.0,56356.0,56421.0,56462.0,56481.0,56486.0,56489.0,56496.0,56512.0,56536.0,56575.0,56633.0,56715.0,56824.0,56957.0,57109.0,57268.0,57425.0,57580.0,57734.0,57889.0,58048.0,58213.0,58386.0,58566.0,58756.0,58959.0,59177.0,59411.0,59661.0,59929.0,60217.0,60526.0,60857.0,61209.0,61573.0,61943.0,62310.0,62672.0,63030.0,63384.0
United Republic of Tanzania,Population,Total Population - Both sexes,10373.0,10684.0,11005.0,11339.0,11683.0,12038.0,12405.0,12787.0,13186.0,13605.0,14045.0,14505.0,14983.0,15475.0,15978.0,16492.0,17017.0,17556.0,18112.0,18687.0,19282.0,19898.0,20533.0,21184.0,21850.0,22528.0,23218.0,23933.0,24686.0,25485.0,26337.0,27236.0,28157.0,29067.0,29944.0,30780.0,31586.0,32378.0,33183.0,34021.0,34895.0,35806.0,36761.0,37765.0,38824.0,39942.0,41120.0,42354.0,43640.0,44973.0,46355.0,47783.0,49253.0
United States of America,Population,Total Population - Both sexes,189276.0,192077.0,194751.0,197288.0,199686.0,201937.0,204047.0,206048.0,207984.0,209891.0,211782.0,213659.0,215547.0,217467.0,219439.0,221475.0,223578.0,225739.0,227942.0,230176.0,232441.0,234743.0,237080.0,239456.0,241870.0,244329.0,246833.0,249371.0,251931.0,254507.0,257077.0,259652.0,262290.0,265070.0,268040.0,271232.0,274606.0,278054.0,281419.0,284594.0,287533.0,290270.0,292883.0,295487.0,298166.0,300943.0,303787.0,306657.0,309492.0,312247.0,314912.0,317505.0,320051.0
Uruguay,Population,Total Population - Both sexes,2572.0,2604.0,2635.0,2666.0,2695.0,2723.0,2750.0,2775.0,2795.0,2810.0,2818.0,2822.0,2822.0,2824.0,2830.0,2842.0,2857.0,2876.0,2896.0,2916.0,2935.0,2954.0,2973.0,2993.0,3012.0,3031.0,3050.0,3069.0,3089.0,3110.0,3132.0,3155.0,3178.0,3201.0,3224.0,3248.0,3271.0,3292.0,3309.0,3321.0,3327.0,3328.0,3325.0,3324.0,3325.0,3330.0,3338.0,3349.0,3360.0,3372.0,3383.0,3395.0,3407.0
Vanuatu,Population,Total Population - Both sexes,66.0,68.0,70.0,72.0,74.0,76.0,79.0,81.0,83.0,85.0,88.0,91.0,94.0,97.0,100.0,103.0,106.0,109.0,113.0,116.0,119.0,121.0,124.0,127.0,130.0,133.0,136.0,139.0,143.0,147.0,151.0,155.0,160.0,164.0,168.0,172.0,175.0,178.0,181.0,185.0,189.0,194.0,199.0,204.0,209.0,215.0,220.0,225.0,231.0,236.0,242.0,247.0,253.0
Venezuela (Bolivarian Republic of),Population,Total Population - Both sexes,7873.0,8172.0,8477.0,8786.0,9096.0,9407.0,9720.0,10040.0,10374.0,10724.0,11093.0,11479.0,11882.0,12302.0,12740.0,13196.0,13669.0,14150.0,14629.0,15096.0,15550.0,15990.0,16426.0,16868.0,17323.0,17793.0,18276.0,18766.0,19256.0,19741.0,20219.0,20692.0,21160.0,21627.0,22092.0,22557.0,23020.0,23483.0,23945.0,24408.0,24870.0,25334.0,25797.0,26261.0,26726.0,27191.0,27656.0,28120.0,28583.0,29043.0,29501.0,29955.0,30405.0
Viet Nam,Population,Total Population - Both sexes,33921.0,34951.0,36002.0,37074.0,38166.0,39279.0,40408.0,41543.0,42671.0,43783.0,44875.0,45953.0,47022.0,48093.0,49175.0,50269.0,51376.0,52508.0,53678.0,54897.0,56169.0,57490.0,58852.0,60245.0,61658.0,63085.0,64522.0,65970.0,67433.0,68910.0,70403.0,71899.0,73363.0,74748.0,76020.0,77167.0,78199.0,79141.0,80028.0,80888.0,81729.0,82548.0,83353.0,84151.0,84948.0,85748.0,86553.0,87369.0,88200.0,89047.0,89914.0,90796.0,91680.0
Yemen,Population,Total Population - Both sexes,5184.0,5276.0,5373.0,5473.0,5574.0,5677.0,5783.0,5890.0,5995.0,6097.0,6194.0,6290.0,6395.0,6521.0,6677.0,6867.0,7089.0,7339.0,7614.0,7907.0,8221.0,8557.0,8911.0,9277.0,9651.0,10028.0,10410.0,10816.0,11270.0,11790.0,12385.0,13041.0,13727.0,14397.0,15018.0,15579.0,16088.0,16564.0,17036.0,17523.0,18030.0,18551.0,19081.0,19613.0,20140.0,20662.0,21182.0,21704.0,22230.0,22763.0,23304.0,23852.0,24407.0
Zambia,Population,Total Population - Both sexes,3174.0,3269.0,3369.0,3473.0,3581.0,3692.0,3808.0,3929.0,4057.0,4191.0,4333.0,4483.0,4638.0,4799.0,4964.0,5132.0,5304.0,5480.0,5661.0,5847.0,6039.0,6235.0,6435.0,6637.0,6838.0,7041.0,7244.0,7446.0,7647.0,7845.0,8038.0,8229.0,8423.0,8625.0,8841.0,9073.0,9320.0,9577.0,9839.0,10101.0,10362.0,10625.0,10895.0,11175.0,11470.0,11782.0,12110.0,12457.0,12825.0,13217.0,13634.0,14075.0,14539.0
Zimbabwe,Population,Total Population - Both sexes,3877.0,4006.0,4141.0,4280.0,4422.0,4568.0,4719.0,4874.0,5036.0,5206.0,5385.0,5573.0,5768.0,5968.0,6170.0,6374.0,6581.0,6797.0,7031.0,7289.0,7572.0,7877.0,8198.0,8528.0,8860.0,9194.0,9527.0,9854.0,10167.0,10462.0,10733.0,10981.0,11211.0,11429.0,11639.0,11846.0,12046.0,12230.0,12385.0,12504.0,12587.0,12641.0,12673.0,12693.0,12711.0,12724.0,12740.0,12784.0,12889.0,13077.0,13359.0,13724.0,14150.0
