Japan,145.9351,168.2851,184.99759999999998,218.691,224.6935,223.0244,240.3261,249.9799,280.33529999999996,308.49429999999995,324.4954,342.5789,356.16150000000005,354.20109999999994,353.56179999999995,368.3184,397.4067,429.4953,452.55799999999994,447.3243,453.1852,456.77079999999995,466.8203,479.2665,496.46659999999997,508.69629999999995,531.492,558.1007999999999,581.0663,580.536,590.0366999999999,613.2638999999999,635.0844999999999,649.1624999999999,683.7200999999999,677.8967,661.4268,661.7773,675.0971,688.3702,662.8822,636.0797,650.1836999999999,631.3027999999999,637.6586,618.0293999999999,630.855,625.4698,623.4225,630.3716
Iceland,942.4558999999999,1048.0319,1017.4715,1021.3316,1022.3634,1012.7471,931.0686,815.8328999999999,856.8006,885.6854,893.7138,882.7000999999999,946.6143,901.4843,1004.7494999999999,900.4441999999999,870.1591999999998,915.6451,997.5228999999999,885.0481,916.241,860.3755999999998,962.4385,962.3267999999999,1002.2671,997.0336,992.8980999999999,876.6551,851.2803,864.707,852.3616999999999,883.3813,876.8783999999999,913.906,865.0708999999999,881.4923999999999,918.3765999999998,883.4164999999999,926.0365999999999,916.0142,960.0908999999999,967.5763999999999,964.1273999999999,937.6255,895.1232,936.4741999999999,952.6175999999999,964.1545999999998,950.8666999999999,919.4678999999999
Congo,89.3202,92.72179999999999,98.1804,92.7524,88.6559,78.4413,89.2374,112.86699999999998,128.5632,124.18999999999998,121.1363,115.9289,105.55839999999999,80.47049999999999,76.4783,90.5997,100.24040000000001,115.92689999999999,133.89010000000002,114.15949999999998,109.46769999999998,145.4106,126.7783,150.95229999999998,139.6233,122.9943,102.4674,110.6078,87.6232,54.41059999999999,253.46819999999997,357.99899999999997,276.8697,221.2752,195.5121,104.43629999999999,106.26069999999999,106.34819999999999,67.9108,91.8613,67.878,91.3059,83.69559999999998,123.1197,92.0309,103.10319999999999,90.47689999999999,119.67399999999999,133.7499,98.13559999999998
"China, mainland",35.7365,42.084599999999995,63.6076,78.6753,86.6469,91.05079999999998,93.79119999999999,90.14339999999999,86.07199999999999,83.15969999999999,92.0971,98.6504,97.45599999999999,96.5304,97.7329,95.27459999999999,94.3346,101.3898,120.5677,132.9797,137.1919,144.5003,148.56019999999995,163.75859999999997,185.9107,192.738,205.8569,222.7399,230.4066,242.9655,259.77819999999997,283.2163,302.6139,333.4271,353.8653,371.26079999999996,389.81729999999993,416.7735,429.8796,455.20459999999997,458.1178,470.89809999999994,494.27849999999995,504.2658,519.1158,534.419,549.2832999999999,570.7290999999999,588.2137,604.0671
New Zealand,1718.9389999999999,1960.2767999999996,1820.8219999999997,1729.4925000000003,1569.8207000000002,1859.9823999999999,1793.5158999999999,1904.3640999999998,2098.2644,1712.2617999999998,1702.8811,1758.5379999999998,1841.6464999999998,1732.6209,2437.4518,2973.6367,2018.6694000000002,2387.7781,1742.7730999999999,1989.3973999999998,1846.4969,1985.9069,1556.3732999999997,1820.7333999999998,1870.0913999999998,2004.8017000000002,1607.1189,1869.5188999999998,1260.8902,1607.1175999999998,1450.1291999999999,1161.0418,1444.4890999999998,959.3491,1600.5052,1370.5159999999998,1373.6601999999998,1054.4229,1176.7040000000002,891.3126,1029.3185999999998,1025.0638,1032.7787,1053.3382,840.1955,1053.6698999999999,1234.9611,1266.1714000000002,1120.9191999999998,936.2931
Iraq,245.033,241.58479999999997,237.2278,235.0285,213.71999999999997,213.94889999999998,211.0759,216.5861,212.613,218.34359999999998,215.3129,213.3197,206.7558,211.8911,213.12310000000002,217.09390000000002,215.5643,233.0119,248.10690000000002,251.51020000000003,289.505,300.1472,340.2001,367.8117,362.46569999999997,335.9013,323.8121,346.5914,296.38509999999997,288.7519,125.5599,135.2686,132.4351,108.26419999999999,88.1447,87.88810000000001,94.1234,98.2166,116.92139999999999,135.2711,124.73409999999998,134.6003,92.26339999999999,109.52329999999999,106.25979999999998,105.5029,84.1892,131.1967,150.91039999999998,148.6328
Guinea-Bissau,174.4933,174.3261,175.52280000000002,172.5881,172.1958,173.23699999999997,178.235,178.44269999999997,181.7779,185.9194,187.41419999999997,183.74859999999998,177.1857,171.2138,177.15849999999998,184.3156,194.003,195.9575,200.149,190.48309999999998,192.9463,195.1996,199.19619999999998,196.50959999999998,193.7464,199.85989999999998,202.48430000000002,198.8819,204.2584,206.9578,212.2286,227.85069999999996,225.66889999999998,213.15959999999995,206.51719999999997,214.17109999999997,213.326,211.6059,209.57959999999997,210.27149999999997,206.72979999999998,193.15919999999997,205.70989999999998,199.1197,198.9536,201.4459,201.28619999999998,219.78969999999998,210.2287,216.82719999999998
Ecuador,439.98199999999997,438.4806,442.1492,442.7305,444.6838,451.6493,452.2831,464.9957999999999,472.0701999999999,497.04179999999997,455.8517,463.0124,464.15110000000004,487.0702,488.66499999999996,494.0186,520.5600999999999,556.6297999999999,579.2561000000001,526.0894,508.2483,523.5674999999999,484.50339999999994,488.5771,482.50919999999996,475.6467999999999,466.38289999999995,492.9299,485.9172,499.7536,530.8618999999999,524.607,554.6624999999999,562.7212,614.1348,631.7067999999999,663.1042,663.7055,658.2968000000001,671.1314,719.9269999999999,717.3104999999999,714.866,728.1795,715.1505999999999,728.9624999999999,761.5242999999999,813.7692999999999,805.1215,813.3518999999999
Sweden,1277.9497000000001,1255.9761,1209.0881999999997,1223.7534999999998,1247.0311,1268.3545,1234.7829,1246.52,1238.6049,1260.4305,1269.0492,1213.6855,1235.9298,1344.7260999999999,1417.0743,1470.9009999999998,1474.5760999999998,1450.7669999999998,1470.7713999999999,1497.0731,1474.5266,1415.4244999999999,1427.6608999999999,1416.0823,1395.7819,1395.5151,1382.2556,1377.7372,1426.1088999999997,1371.8393999999998,1352.9505,1397.1661,1419.8688000000002,1472.2108,1409.8752,1440.4989,1451.7214,1482.6522,1503.5074,1474.556,1498.2811,1597.3452,1624.6722,1621.0446,1611.6616,1613.9517999999998,1593.5553,1591.615,1578.7714,1595.8402999999998
Greece,365.18629999999996,436.74569999999994,504.49109999999996,513.2155999999999,599.9958,641.7431999999999,682.3589,710.6931,754.2783999999999,868.7880999999999,791.2149999999999,789.6527999999998,919.1337,896.7066999999998,911.5195,1058.3887,1052.7681,1151.7086,1123.4361,1074.5486999999998,951.7911999999999,1076.0149999999999,1144.1301999999998,1138.5587,1131.0712999999998,1168.6511999999998,1195.0556,1149.0412000000001,1227.0661,1128.3586999999998,1120.1856,1190.0333,1161.6309999999999,1170.0292,1243.5104,1186.0584,1240.4411999999998,1251.777,1369.6227,1679.9053999999999,1358.0961,1268.7886999999998,1263.5918,1209.9124,1216.3321999999998,1308.2317999999998,1301.6677,1252.9712999999997,1281.8537,1317.7976
Jordan,86.7559,88.8906,107.06889999999999,109.6544,121.0602,116.8965,91.8933,148.2448,150.6163,124.67630000000001,136.1508,126.7358,160.14299999999997,109.21359999999999,126.9647,139.2825,150.7573,171.90879999999999,175.0763,175.58190000000002,296.2195,257.9173,257.73350000000005,267.4804,350.92539999999997,303.864,283.61650000000003,272.4951,158.9196,244.8799,263.6409,201.51569999999998,331.89459999999997,292.2085,251.11819999999997,175.98919999999998,272.5336,255.7221,261.318,314.8007,334.4573,326.5821,349.3973,386.1983,311.524,399.00390000000004,400.9589,415.5533,313.6626,287.4203
Indonesia,60.492599999999996,61.526999999999994,60.88549999999999,61.86399999999999,60.19819999999999,58.506099999999996,57.611,59.40299999999999,61.06309999999999,64.594,64.8651,65.8143,66.78699999999999,70.71579999999999,68.7378,72.09349999999999,71.76089999999999,71.8792,72.20989999999999,76.08160000000001,77.87620000000001,80.7409,79.56809999999999,83.9306,83.43509999999999,85.6612,84.5015,85.4305,87.05469999999998,90.13239999999999,93.2117,99.01,106.59659999999998,109.27829999999999,103.4366,108.24319999999999,110.16739999999999,97.77829999999999,100.7474,97.3988,95.14189999999999,96.5493,101.47829999999999,115.00119999999998,105.42589999999998,116.194,114.94600000000001,117.59209999999999,122.80290000000001,132.9557
Algeria,195.6332,162.235,124.1216,122.4737,126.0452,131.9346,130.0059,144.8164,145.4448,131.97789999999998,148.8643,157.6291,154.04430000000002,176.66140000000001,177.27139999999997,195.0446,222.5736,214.4519,202.71389999999997,225.43419999999998,247.5778,256.5585,291.66909999999996,255.0829,288.0608,268.1483,273.0988,263.6246,271.68039999999996,284.85490000000004,283.6827,286.4116,323.57309999999995,302.09549999999996,295.9737,248.9044,254.35410000000002,280.9328,281.2729,296.54679999999996,285.70359999999994,311.2509,322.1223,380.488,378.1536,363.5869,362.7342,353.8405,384.58590000000004,364.24179999999996
United Republic of Tanzania,218.9331,212.8684,218.08270000000005,216.06099999999998,215.3528,224.7276,236.73289999999997,230.9126,233.82169999999996,240.558,243.6918,217.84750000000003,219.8037,213.43900000000002,226.6898,225.66549999999998,243.27859999999998,244.05599999999998,234.44469999999998,213.30479999999997,222.07879999999997,225.56130000000002,224.30849999999998,228.7025,234.999,239.34539999999996,234.10509999999996,244.299,244.02829999999994,235.75539999999998,240.05399999999997,237.32950000000002,235.4414,228.6203,252.3286,203.2129,198.33209999999997,201.2333,243.99309999999997,217.37269999999998,181.0655,181.1131,180.4921,185.57080000000002,201.69509999999997,199.55089999999998,176.9866,197.47589999999997,198.7054,205.22789999999998
Cï¿½te d'Ivoire,127.5511,123.19460000000001,127.6491,143.5778,144.9859,159.7919,180.31050000000002,210.7946,215.17890000000003,218.47539999999998,223.28679999999997,229.8409,192.1192,157.6065,155.35639999999998,187.22929999999997,217.17530000000002,224.90859999999998,219.32090000000002,214.9239,208.96269999999998,179.5049,181.36329999999995,174.15309999999997,182.9778,171.1318,167.38420000000002,180.4127,142.1363,200.78039999999996,190.2241,173.55419999999998,145.0968,98.12239999999998,99.1871,91.52929999999999,100.012,97.83829999999999,92.4115,85.71740000000001,77.28269999999999,72.0713,81.8336,86.83409999999999,87.04549999999999,90.4506,81.5621,82.72989999999999,80.30659999999999,86.0872
Hungary,1188.4252,1228.2652,1236.029,1225.6326,1192.2471,1136.8867999999998,1214.8860999999997,1294.9941999999999,1306.7360999999999,1333.8837999999998,1345.0614,1370.8156,1404.3981999999999,1428.4963999999998,1382.1229,1471.7301999999997,1418.0428,1500.897,1459.0057,1527.0069999999998,1543.5973999999999,1541.0608,1532.8127999999997,1496.4596,1519.7637,1568.7136999999998,1607.4415999999999,1552.415,1581.33,1408.4087,1458.9424999999999,1457.0001999999997,1378.3157999999999,1239.5948,1085.6607999999999,1015.4408,1036.3411,977.0921,989.7769999999999,1094.2674,1006.0246999999999,1074.0351,1045.55,1024.1347999999998,929.1590999999999,998.5695000000001,990.5495,936.8155999999999,907.4750999999999,857.4008999999999
Guatemala,328.8434,307.1087,339.131,339.31989999999996,310.105,293.05589999999995,303.95,323.15199999999993,303.3877,310.17010000000005,304.49469999999997,303.2159,262.7047,243.9244,270.19359999999995,282.2957,249.9918,261.9365,234.5976,198.0444,162.9966,182.44819999999999,183.76530000000002,171.05259999999998,177.1559,215.147,243.9262,247.24899999999997,255.2932,247.42399999999998,192.22189999999998,189.5256,206.8136,250.29579999999999,262.15279999999996,270.4102,280.4079,276.5396,283.4592,285.712,321.5293,343.55629999999996,352.87029999999993,338.2596,341.41990000000004,335.37739999999997,335.0372,335.7699,347.3307,347.5012
Portugal,360.00019999999995,362.39300000000003,367.2423,355.1629999999999,405.1948,423.84049999999996,460.0225,470.4917,517.5423,525.6625999999999,541.0616,570.0683999999999,558.3736,619.4086,624.6204,617.9717999999999,656.2055999999999,605.4306,611.5713999999999,602.4667,644.7562999999999,667.8503999999999,625.2588,586.4487,631.7898,652.1520999999999,749.1259,783.2497000000001,869.9464999999999,960.6908,959.631,995.9321,1033.0054,1058.0038,1041.4916,1004.4453000000001,1030.3557999999998,1064.6469,1158.7457,1175.5022999999999,1150.8381999999997,1180.5424999999998,1193.0022999999999,1221.0134,1216.3215999999998,1253.5226999999998,1309.1785,1292.6542,1263.9165,1232.0549999999998
Uganda,274.8232,253.6893,250.62169999999995,242.55719999999997,238.67579999999998,228.31729999999996,227.42249999999999,223.03279999999998,234.9515,243.4173,240.421,240.07330000000002,244.88549999999998,246.73309999999998,239.7548,235.37029999999996,241.85009999999997,253.84400000000002,251.9501,226.2534,220.9582,215.43589999999998,210.46519999999998,208.87309999999997,205.0725,150.841,148.3302,153.2611,171.56169999999997,190.93669999999997,190.98130000000003,188.5641,190.7967,175.2748,174.1855,171.3301,167.94670000000002,169.9586,170.4642,167.0405,168.28840000000002,187.8105,206.10399999999998,214.349,225.27569999999997,235.5536,242.4175,234.63469999999998,234.3161,232.84799999999998
Philippines,169.8874,189.80589999999995,186.8493,186.4988,202.0114,215.17109999999997,207.5613,215.6398,223.59909999999996,201.03269999999998,199.4134,193.1596,214.32139999999998,274.143,200.5111,193.1866,200.752,206.3268,215.113,212.302,195.536,180.9544,182.06279999999998,185.63139999999999,154.71519999999998,168.14679999999998,186.0994,194.39569999999998,215.3302,215.0557,226.98289999999997,226.50659999999996,231.77859999999998,246.8904,258.87519999999995,270.4415,291.0175999999999,284.9733,310.646,325.5609,316.13110000000006,321.6887,326.20009999999996,327.51189999999997,307.90389999999996,321.263,335.98189999999994,331.86339999999996,325.29470000000003,335.3201
El Salvador,338.2505,334.3534,336.7082,313.97419999999994,306.2656,312.214,301.5293,285.4951,291.72119999999995,279.04810000000003,284.3653,276.3016,295.70889999999997,349.02709999999996,323.9115,354.0535,344.99069999999995,357.5951,356.63590000000005,383.20000000000005,325.5062,298.106,270.96,295.1595,282.5888,276.9065,250.24009999999998,266.273,283.9257,284.3373,294.9764,299.7177,302.4514,319.0981,334.0464,358.7294999999999,381.4444,350.3003,375.37800000000004,412.2073,406.9786,466.3297,431.8158,426.0089,450.65070000000003,486.06629999999996,490.6202,491.96680000000003,493.96719999999993,489.1791
Costa Rica,663.2880999999999,600.6724999999999,667.0075999999999,638.4765,665.4589999999998,521.3186,539.7078999999999,577.6952,578.3383,619.9539,669.9648,582.0889999999999,667.5264,577.987,724.7966999999999,896.7463,881.2184,787.1103999999999,885.5924,847.3849999999999,781.3947000000001,716.9149,848.8519,846.9612999999999,978.9897000000001,800.6229000000001,903.0610999999999,847.4662000000001,841.5622000000001,888.7949000000001,869.2814999999999,889.0854999999999,888.6012999999999,868.2939000000001,872.5274999999999,834.4092,840.6133,842.8744,846.5382,816.8885,804.7037,722.5672,783.9625,728.0225,755.0956999999999,765.5355,808.1922999999999,836.0094999999999,847.0387999999998,866.9926999999999
Benin,80.6691,79.3832,77.71029999999999,81.38250000000001,89.21430000000001,93.78630000000001,96.858,92.4078,94.77850000000001,94.0917,94.394,96.92150000000001,97.9823,99.6219,103.59939999999999,106.14980000000001,102.08519999999999,105.18109999999999,104.85900000000001,113.37100000000001,115.8912,119.9991,121.76490000000001,127.23049999999998,127.64769999999999,119.2765,122.69359999999999,109.5523,101.23519999999999,112.0662,106.9978,125.3946,131.8057,115.8494,98.75249999999998,92.57419999999999,90.69219999999999,110.5244,93.15279999999998,88.99799999999999,92.46119999999999,94.07490000000001,90.61129999999999,92.43109999999999,91.60459999999999,92.2428,93.3655,94.09119999999999,119.7856,100.5777
Mauritius,230.8143,219.1437,231.0648,236.2233,219.25869999999998,207.3175,202.8182,202.57319999999999,192.6236,215.06669999999997,201.91269999999997,205.11029999999997,181.4811,208.1979,225.22199999999998,278.0304,347.56909999999993,364.683,363.3868,334.8849,307.31949999999995,291.3193,280.6065,303.0987,317.9558,339.712,366.9832,387.9978,371.63079999999997,408.437,408.53459999999995,405.49199999999996,404.82469999999995,437.8058,383.91959999999995,359.9307,348.749,408.92249999999996,439.1107999999999,463.4991,421.34409999999997,462.04909999999995,472.74109999999996,475.05729999999994,469.6572,446.3347,428.61809999999997,433.96619999999996,440.07489999999996,394.3223
Republic of Korea,51.65549999999999,48.63519999999999,63.94559999999999,77.97989999999999,75.6923,70.801,63.39199999999999,66.8544,76.8202,79.1545,81.87989999999999,83.42660000000001,85.8835,93.51539999999999,116.0269,114.7173,125.8077,168.557,220.3651,189.31189999999998,197.89539999999997,233.2847,254.35360000000003,258.5248,270.8392,260.9355,279.66979999999995,286.8639,308.0031,341.5696,388.92629999999997,449.4044999999999,446.26249999999993,468.30439999999993,495.077,529.8892999999999,575.2581,545.1279999999999,619.6326,648.9150000000001,564.9906,689.2022999999999,709.2873999999999,575.1628999999998,609.6693,654.7553999999999,682.1578000000001,680.0556999999999,686.717,701.6181
Bermuda,1755.8211,1836.2675,1807.8572000000001,1809.2870999999998,1833.4017999999999,1921.6734,1724.2994999999999,1830.0871,1803.5913,1574.8265999999999,1578.7322,1472.7062999999998,1547.3087999999998,1787.4397,1862.1765999999998,1899.2416999999998,1786.8788,1755.4225999999999,2018.9062,2071.2196999999996,1943.178,1850.9551,1897.1566,1801.9554,1566.3281,1570.0602999999999,1583.7601,1723.0617,1525.3789,1458.0674,1301.5665999999999,1144.7105,1181.1596,1163.2092,1208.8667,1276.1381000000001,1347.2015000000001,1367.8544999999995,1243.1099,1275.2903999999999,1253.0898000000002,1239.254,1245.0069,1157.2525,1197.5408,1213.5170999999998,1312.6879,1253.7460999999998,1237.4988,1089.2636
Dominican Republic,296.31769999999995,313.94829999999996,309.368,326.15599999999995,287.72119999999995,309.7829,298.94719999999995,313.11760000000004,319.78000000000003,323.6862,339.8325,329.3343,326.9464,326.12239999999997,318.48519999999996,332.66610000000003,359.9774,360.14,385.36260000000004,386.29359999999997,365.97079999999994,364.7701,375.75249999999994,359.53679999999997,369.8111,339.5176,361.428,388.3751,408.70599999999996,403.8569999999999,438.452,454.501,472.71799999999996,459.84759999999994,464.6132,471.61659999999995,462.0629,464.8542,391.72909999999996,394.96849999999995,393.12600000000003,423.9604,369.8653999999999,347.0317,403.53009999999995,490.58669999999995,501.67749999999995,506.0533,505.2161,533.9553
"China, Taiwan Province of",181.4658,181.95689999999996,205.69729999999998,213.43729999999996,214.13809999999998,231.9162,259.01669999999996,262.96229999999997,270.9126,300.0208,299.4161,298.5435,332.3764,316.84810000000004,320.7482,363.5352,399.4301999999999,405.0513,471.1133,408.65029999999996,404.202,417.11889999999994,445.39099999999996,479.5802,518.743,535.2724,540.8431999999999,538.5755999999999,544.4264,558.2206,584.0266999999999,604.9822999999999,619.3304999999999,637.6928999999999,643.8517999999999,644.3797999999999,688.1385999999999,646.9268,650.1897,657.3604,651.4375,649.8393,636.9155,615.4884,617.4016,653.6699,648.5113999999999,633.2907999999999,618.7665,627.7543
China,40.098499999999994,46.5592,68.3092,83.76689999999999,91.8673,96.6398,99.55820000000001,96.15199999999999,92.2586,90.16059999999999,99.00829999999999,105.5944,104.965,103.622,104.82520000000001,103.4196,103.3004,110.15750000000001,130.13979999999998,141.5876,145.8239,153.16510000000002,157.93049999999997,173.3543,195.6008,202.55729999999994,215.2651,232.5877,239.51319999999998,252.13569999999999,269.0569,292.1025,311.1366,342.2795,361.92670000000004,378.9545,397.7629,423.5018,436.4724,461.3562,464.4104,476.779,499.46320000000003,509.4036,524.1258,540.1239999999999,554.5893,575.7105,592.9091,608.5818
Liberia,108.2705,110.65549999999999,124.3834,94.37719999999999,97.9558,99.6281,108.01059999999998,92.54669999999999,100.048,95.68459999999999,117.0831,112.4551,107.695,87.7016,83.02459999999999,78.54440000000001,89.7684,94.77029999999999,95.2764,85.38719999999999,76.4289,72.40879999999999,85.76689999999999,82.6676,71.1294,69.55539999999999,64.5671,70.27329999999999,65.99600000000001,56.616699999999994,60.086,81.4059,85.1243,67.3453,56.6332,45.56399999999999,48.0077,43.44539999999999,48.696,46.5011,46.173199999999994,39.7709,38.90539999999999,53.47729999999999,58.307,50.978199999999994,47.9148,51.5106,48.4708,54.5331
Norway,984.4684,963.709,934.6068,961.3059999999999,976.8480999999999,983.9760999999999,971.644,993.1731,999.5258999999999,989.3739999999999,1006.6973999999999,1042.1707999999999,1080.6442,1137.0482,1171.4504,1177.0553,1182.8418,1213.65,1257.5224,1295.6979999999999,1244.1435999999999,1217.4811,1161.1392,1171.4699999999998,1232.1848,1247.3724,1224.5630999999998,1137.3782999999999,1139.3737999999998,1149.5970999999997,1155.1691999999998,1149.5639,1171.8815,1213.3600999999999,1206.8281,1259.4911,1237.1908,1229.1848,1216.5641,1225.664,1231.8958,1225.8204999999998,1239.4351000000001,1242.3748,1251.5873,1213.2377999999999,1216.0339999999999,1223.8206,1195.3025,1178.2775
Sudan (former),362.71410000000003,364.27520000000004,366.22439999999995,370.12539999999996,369.6097,371.6753,385.1694,400.71709999999996,390.82720000000006,383.4723,382.2482,376.54269999999997,374.4885,370.80589999999995,393.9131,404.27789999999993,415.74799999999993,434.21579999999994,464.0231,483.5013,523.0495999999999,508.8048,482.3101,436.07419999999996,483.0827,455.4761,405.273,400.2877,410.24789999999996,413.936,423.4978,414.75169999999997,402.6805,410.9131,425.4353,414.0771,422.37399999999997,432.38739999999996,459.4993999999999,489.63659999999993,520.669,538.0003999999999,559.4051999999999,547.3777,549.372,527.6617,509.7057,499.49709999999993,491.7872,482.594
Mexico,425.3256,456.08500000000004,451.30140000000006,455.27329999999995,448.34819999999996,471.5854999999999,482.15639999999996,467.17929999999996,465.78670000000005,457.54329999999993,449.99449999999996,478.85049999999995,481.02470000000005,510.995,538.374,588.5833,619.4866,617.7887,601.519,686.6095,693.1560999999999,690.2284,715.0104,688.4529,689.1757,728.1036999999999,709.6425999999999,704.9613999999999,650.8403999999999,639.2998,667.3155999999999,704.652,704.5877999999999,726.0976999999999,687.0524,664.3293,691.8603999999999,734.4567,762.5739,791.7555,808.1615999999999,820.6293999999999,796.9993,792.0183999999999,795.2733,814.4128000000001,821.3548999999999,829.4009999999998,824.0925000000001,808.2606000000001
Brazil,625.4318999999999,617.2031,609.3779999999999,627.1439999999999,625.9137,614.9632999999999,617.5926,648.9337999999999,655.3364,648.5546999999999,615.2338,655.4024,676.1854000000001,673.0335000000001,701.1513999999999,731.7832999999999,720.8620999999999,761.922,776.1652999999999,809.4392,785.3535,754.0813999999999,759.9391999999999,776.3921999999999,779.1522,925.3505999999999,880.2051,859.2035999999999,956.0097,945.6401000000001,985.0511999999999,980.7501999999998,981.8597,1061.2650999999998,1191.9327999999998,1258.6345000000001,1202.1786000000002,1166.2904,1214.1372999999999,1230.1489,1201.5742,1222.8407999999997,1187.2596,1191.6230999999998,1240.8129,1266.8573000000001,1275.3613,1300.0121,1326.2539,1366.3127
Denmark,1179.5157,1017.9576999999999,1080.1653999999999,1046.8355,1033.0547,1215.391,1200.6637999999998,1157.0908,1231.3258,1168.0837,1190.4158,1142.11,1056.396,1103.574,1194.9533999999999,1162.9196,1200.7862,1273.6979999999999,1218.533,1281.6376999999998,1259.7566,1156.9863,1163.3526,1210.9035,1345.6951,1451.9752999999998,1500.0474,1544.5508999999997,1598.0629,1554.6444000000001,1583.6466999999998,1554.9850999999999,1525.9621,1476.9501,1550.3845999999999,1578.2543999999998,1498.9065,1646.3549,1303.9899999999998,1304.0381,1347.4441,1437.2331,1401.7415,1413.4406,1680.9620999999997,1494.385,1557.4883,1461.9766,1392.1480999999999,1460.8220999999999
Myanmar,97.0284,95.4256,102.45609999999999,104.80069999999998,109.5944,104.7251,107.7696,107.5551,107.94119999999998,108.39789999999998,108.19809999999998,103.86349999999999,108.24139999999998,105.64859999999999,105.6035,107.08480000000002,108.5613,109.0953,112.41639999999998,112.82359999999998,116.1916,118.0752,120.1265,124.0478,124.69729999999998,122.06439999999999,122.064,122.20019999999998,103.09550000000002,74.2995,76.7665,77.00019999999999,77.7824,87.0848,88.39259999999999,94.38299999999998,97.7126,99.692,98.56019999999998,106.10909999999998,108.0176,124.5104,144.8953,155.1593,177.4672,196.1637,214.35499999999996,232.55089999999998,258.3693,308.0959
Barbados,652.2799,646.8394,765.9783,825.9102,937.9214,777.5364000000001,836.9286,857.4168,955.1274,984.3965999999999,1052.3614,1063.7925,989.5147999999999,994.4935,904.0992000000001,1077.3925,1094.3634,1118.8682999999999,915.2101,859.3734,1058.4646999999998,1105.07,1093.1094,1060.2005,1141.8627,938.2129,879.2526999999999,809.7552999999998,879.6088,835.357,817.909,675.0614999999999,655.1622,695.8092999999999,632.9896,626.754,678.4576,641.1776,688.5717999999998,610.8562999999999,545.1513,582.835,510.87809999999996,555.5134999999999,621.5699,586.096,599.7409,607.7895,602.5568,611.7821
Canada,1659.7486,1646.1808999999998,1679.5832,1750.014,1779.8887999999997,1778.0366999999999,1811.5365,1823.3984999999998,1818.8992,1792.3575,1829.2649999999996,1812.8944000000001,1809.2785000000003,1867.5251,1918.6625,2015.0089999999998,1969.3931,1836.5082,1732.5267999999996,1745.6252,1768.1615,1770.8692,1740.9252999999999,1700.1951,1702.5162,1689.2387999999996,1653.5899,1656.0448999999999,1655.7699000000002,1571.7012,1543.9315000000001,1540.0312000000001,1484.8238999999999,1510.8948999999998,1505.223,1478.1117,1478.7682999999997,1534.0519999999997,1566.2769999999998,1551.5256000000002,1514.9026,1508.5038,1508.3925,1498.1052,1441.9110999999998,1449.2333,1481.5029,1434.2039,1406.6419999999998,1376.5426999999997
Sri Lanka,107.2819,115.1231,120.20579999999998,131.9922,129.986,119.23149999999998,117.23589999999999,119.16609999999999,114.9092,116.3277,114.9515,112.5315,109.88149999999999,105.2103,105.3577,102.37259999999999,100.2115,110.06029999999998,105.2731,104.01609999999998,96.30860000000001,90.99189999999999,107.7327,104.6078,107.34039999999999,97.11829999999999,108.7065,104.69639999999998,108.77510000000001,100.11349999999999,113.2865,112.6274,104.06129999999999,103.87169999999999,114.26689999999999,112.314,113.0387,102.5512,100.7683,108.98049999999999,102.8788,109.20409999999998,111.80179999999999,102.2889,99.2957,111.9405,102.4698,96.7587,99.57409999999999,112.59549999999999
Paraguay,1516.1661,1410.2359999999999,1209.5244,1270.5955,1286.9873999999998,1356.5166,1233.1033,1267.4472,1225.0208999999998,1274.1496,1248.1280999999997,1175.174,974.1588999999999,1121.6528,949.6116999999999,1058.1069,1198.0066000000002,1118.6998999999998,1208.418,1211.7732999999998,1197.7491999999997,1162.74,1113.9958,1149.244,1158.3861,895.1487999999999,937.7310999999999,1100.7018,963.9168,900.5882,1409.2396,1544.2635,1465.915,1356.4699,1403.7681999999998,1366.7500999999997,1440.7077,1394.3642,1427.3248,1293.3244999999997,1227.7154999999998,1422.3936,1149.2304,896.0728999999999,760.1975,793.2378,760.5051,725.8368,714.9534,752.7468999999999
Haiti,150.4086,142.98919999999998,143.1815,146.9385,147.64139999999998,146.9546,156.7741,159.68489999999997,161.98979999999997,167.0742,170.3321,169.34879999999998,170.3913,173.6937,175.70439999999996,181.3848,174.2914,192.8978,170.3469,172.8683,167.33859999999999,181.1714,181.8639,182.55199999999996,186.82649999999998,180.0402,186.7233,159.2675,145.27759999999998,135.00050000000002,138.9853,143.5899,149.75019999999998,142.5984,138.5793,150.27239999999998,152.0325,160.47449999999998,157.26979999999998,180.3186,186.18210000000002,189.9334,189.94319999999996,191.31249999999997,186.4371,187.9085,186.79919999999998,187.2505,184.444,186.3752
Bulgaria,528.5522,544.9651,558.9571,551.2552,597.3372999999999,633.6413,685.7943999999999,670.2128,629.3892,624.9270999999999,626.5362,691.4404999999999,724.1841999999999,760.0311999999999,866.5181,888.1972,898.2429,909.8962,945.7681,939.5238999999999,976.8318999999999,993.4271,1017.1510000000001,1006.5453,1051.463,1069.8514,1080.513,1119.5364,1162.5171999999998,885.5584,834.7860000000001,911.6651999999999,1003.7105999999999,902.6727999999999,881.3455999999999,827.0241,800.8326,914.2608999999999,829.2856999999999,780.9402,758.1392999999999,665.3165,709.1132,792.7277999999999,809.0880999999999,798.5808999999999,622.5073,630.3026,633.0164,648.4296999999999
Malawi,49.97259999999999,52.6063,58.02399999999999,58.008799999999994,58.6242,58.7637,67.18289999999999,69.1293,76.1446,75.66499999999999,70.87039999999999,69.9148,72.26079999999999,73.6841,72.6075,73.023,76.3208,81.2893,79.2323,84.07979999999999,100.7815,103.4973,91.76829999999998,86.52560000000001,70.7621,89.2449,79.8117,75.1325,71.4735,70.6992,73.2002,73.664,72.716,65.12270000000001,66.7477,83.8982,62.0514,65.7464,65.67859999999999,69.89299999999999,72.93719999999999,69.6922,69.43459999999999,65.976,66.6013,68.64869999999999,78.5235,87.1044,93.3943,87.8007
Lao People's Democratic Republic,113.94899999999998,114.3369,112.14939999999999,121.24690000000001,130.6795,130.9361,145.28459999999998,133.5947,123.16719999999998,150.1943,128.4466,122.7207,112.6553,95.4796,94.5831,107.0136,92.8042,104.3763,117.2541,138.4429,137.1748,136.93159999999997,139.50519999999997,146.1165,144.1757,160.15849999999998,154.9525,141.9332,149.8288,154.12050000000002,159.0538,164.8639,169.4557,178.9629,214.41490000000002,207.99289999999996,216.65009999999998,218.41090000000003,248.992,218.2086,229.41269999999997,241.26069999999999,254.22700000000003,252.7216,256.9351,261.6128,265.36699999999996,271.45029999999997,274.80039999999997,280.52049999999997
Malaysia,179.94119999999998,181.8822,182.78169999999997,184.503,186.4937,185.85009999999997,178.0655,176.6852,178.4647,191.3457,185.63490000000002,192.14379999999997,187.36,200.79659999999996,228.9449,240.81429999999997,242.4679,259.3615,252.20170000000002,268.1112,271.51550000000003,254.5988,266.6903,277.59719999999993,283.2869,275.615,289.8886,304.63609999999994,321.7093,343.4819,363.34540000000004,377.0505,382.5181,395.7252,413.521,413.2988,409.3413,353.8546,327.23449999999997,349.52189999999996,351.1218,348.01289999999995,350.8538,387.73109999999997,372.64939999999996,361.2614,345.1544,302.9816,329.5748,354.8825
Cameroon,121.09949999999998,119.2985,126.14309999999999,103.86939999999998,112.4489,119.31390000000002,125.17639999999999,129.353,135.7543,157.71110000000002,159.59439999999998,156.73859999999996,158.28070000000002,159.54749999999999,158.6081,166.82590000000002,171.08640000000003,171.76219999999995,178.2112,184.83089999999999,165.1469,166.5284,168.20219999999998,190.6876,191.41769999999997,206.1332,213.2559,205.55089999999998,210.21629999999996,200.89159999999998,194.3879,191.88639999999998,188.8666,170.52499999999998,168.4566,188.9889,165.6807,163.97319999999996,183.3926,184.16879999999998,182.3502,170.99670000000003,169.2357,176.07649999999998,173.53119999999998,172.242,167.9322,184.12399999999997,179.80609999999996,145.2071
Djibouti,110.90979999999999,104.47819999999999,98.1286,96.0208,89.8347,112.84199999999998,109.3132,103.1276,115.35249999999999,111.97710000000001,106.64959999999999,120.83869999999999,113.47279999999999,156.71519999999998,227.27209999999997,285.04749999999996,205.48149999999998,181.9783,201.5152,196.9986,268.2522,242.6289,222.2573,204.8501,215.2868,236.68189999999998,201.73659999999998,193.5154,178.5901,184.58379999999997,201.22050000000002,204.51039999999998,247.52069999999998,242.7033,239.3877,232.89759999999995,256.82939999999996,234.91169999999997,265.8751,336.5148,318.52369999999996,333.9993999999999,325.9382,254.08429999999998,306.8306,436.23819999999995,602.6632,420.1675,283.6026,265.25269999999995
Mali,226.72459999999998,238.67319999999995,243.752,257.17729999999995,273.5391,291.3738,306.4774,303.342,320.092,309.361,297.68269999999995,252.90529999999998,218.3643,234.05259999999998,256.9043,263.7811,262.44039999999995,266.68229999999994,244.05219999999997,244.91109999999998,270.51709999999997,271.4645,251.3603,286.73609999999996,266.699,299.1422,290.3747,305.5082,312.10709999999995,332.8743,327.7889,262.8822,251.85889999999995,260.1486,240.0452,238.1363,276.4814,285.08439999999996,279.9339,228.37089999999995,250.87279999999998,292.9507,324.3664,297.6439,368.6758,372.66229999999996,394.2175,423.83549999999997,444.5367,435.0834
Kuwait,301.9655,288.54909999999995,305.3452,349.49269999999996,430.4828,321.73249999999996,375.32719999999995,370.4026,340.0037,356.9524,337.66589999999997,402.37,373.9828,335.7192,444.1273,422.61609999999996,454.5372,502.44489999999996,581.4305999999999,552.3158999999999,607.8893,707.6039,625.0653,577.6554,506.8914,582.0567,580.0609999999999,579.521,563.3305,218.2772,165.34769999999997,366.7752,520.1453,571.8281999999999,637.1976,645.0468,638.3471999999999,620.7923999999999,598.4288,585.1383999999999,575.1581,466.4122,603.2974,520.2256,604.2423,574.8863999999999,569.0062,522.1677999999999,531.0156,533.6075999999999
South Africa,662.3213000000001,643.4645,649.7206,644.5629,682.3706,673.7325999999998,667.2049999999999,657.6016,636.3607,603.2836,611.3299,634.4466,656.4078000000001,713.9812000000001,712.2116000000001,682.7803,685.9014000000001,678.6969,693.2651,666.0074999999999,630.5305,663.1019,632.5174999999999,641.6433,634.7928999999999,580.3651,615.2202,587.1991,568.3728,585.0671,589.7538999999999,618.5012,591.8195,551.3782,482.08040000000005,462.9539,469.03419999999994,443.3426,424.0392,488.4263,426.62309999999997,447.79510000000005,470.93769999999995,492.66179999999997,531.9098,580.4161999999999,592.5443999999999,575.8566999999999,568.9911,581.3299
Italy,733.9355,778.683,843.9501,844.5539,852.4581999999999,949.2488999999999,1036.4524999999999,1051.3408,1074.5671,1128.8745999999999,1150.5175999999997,1156.1373999999998,1230.917,1196.4164,1150.6153,1178.4334999999999,1208.9373,1250.9857,1320.1632,1365.1212,1360.7197999999999,1372.889,1432.4740000000002,1424.8877,1434.6465999999998,1430.4435999999998,1462.0401,1456.0486999999998,1463.6253,1465.649,1477.7522999999999,1445.1398,1457.0254,1463.4424999999999,1398.4888,1461.7199,1420.9453999999998,1496.2465,1508.5902,1488.4639,1486.637,1485.2492,1492.4357,1459.7193,1466.9441,1492.8354,1478.3273,1447.8839,1460.3946999999998,1462.9418999999998
Namibia,403.1873999999999,440.6153999999999,437.3200999999999,455.6362999999999,458.6916,552.9490999999999,561.2724000000001,523.869,532.1285,523.7736,538.8795,505.5140999999999,511.57480000000004,532.7242,339.2287,446.55879999999996,498.7686,517.8616,547.1489,528.5553,458.7494999999999,427.1116999999999,323.11429999999996,346.8257,370.1121,373.68289999999996,360.34590000000003,353.3717,263.0336,292.97229999999996,314.9808,339.72989999999993,185.77769999999998,124.81909999999999,162.9739,161.81579999999997,184.765,188.88719999999998,352.99469999999997,623.3212000000001,631.0422,491.27989999999994,461.6653,428.9443,418.70539999999994,390.71669999999995,406.16679999999997,433.7907,408.0267,386.23569999999995
Saint Lucia,263.1954,274.6278,275.0417,287.299,294.5020999999999,316.2099999999999,319.0399,310.8068,352.0918,439.3897,401.34189999999995,409.47319999999996,398.53319999999997,366.32529999999997,423.85710000000006,454.803,519.059,524.2760999999999,511.6854,408.3986,396.5014,438.98209999999995,429.0299,498.6983,513.3642,553.6668999999999,508.81690000000003,484.26239999999996,584.1981,540.3493,605.6362999999999,631.0113,648.5722999999999,663.3717,746.6633999999999,673.488,687.0097000000001,737.4731999999999,701.7567999999999,706.9598,558.8913,537.0831999999999,550.7416,674.823,605.8839999999999,563.0389,715.4822,588.7615,540.4087,577.8029
Finland,1199.1131999999998,1193.2581999999998,1237.0047,1279.9571999999998,1274.2543,1284.3464,1287.1693999999998,1255.5585,1307.6026,1275.1813,1323.6351,1356.3370999999997,1420.3157,1401.7201,1494.8128,1459.6939000000002,1435.9177,1439.9358,1470.7285,1477.2187,1432.5555,1493.2236,1389.4041,1403.051,1398.4578999999999,1427.085,1439.3436,1482.7289,1485.3833,1494.7976,1389.1761000000001,1401.1805,1330.7118999999998,1386.1900999999998,1445.402,1406.6118999999999,1422.8276999999998,1472.2041,1418.484,1390.1088999999997,1389.9199999999998,1380.0741999999998,1393.2085,1384.915,1400.85,1398.21,1443.3821999999998,1459.5551999999998,1447.0191,1481.9189
Suriname,430.09439999999995,421.8479,544.9114,479.6592,426.22999999999996,428.0535,408.7098,439.2049,533.9784,408.04249999999996,406.7821,391.3296,397.52419999999995,425.4767,355.22880000000004,530.4107,515.1011,542.184,500.73330000000004,506.37100000000004,593.2936,621.1185,627.4517,533.3362,545.5378,507.428,405.8133,400.0363,383.6562,392.8048,528.9638,415.6376,408.4479,383.3374,405.6162,401.15419999999995,467.0768999999999,444.6387,395.00469999999996,369.1472,318.4404,322.95689999999996,273.50919999999996,292.62829999999997,286.19819999999993,290.1858,360.7353,364.0635,367.85699999999997,485.5914
Jamaica,353.5575,374.8967,387.76660000000004,420.1388999999999,392.5116,395.0502,413.2457,442.12019999999995,446.2948,512.8653999999999,437.1526,526.7801999999999,446.7217,517.9165,510.3026,551.1347000000001,456.52420000000006,559.3995,402.4559,394.63739999999996,401.72499999999997,401.13109999999995,395.18149999999997,411.719,370.2903,397.0079,453.9443,400.9103,420.2102,454.8741,430.25969999999995,426.741,451.4934999999999,415.0465,450.9607,410.2502999999999,427.5218,411.75289999999995,410.44669999999996,411.451,376.47159999999997,423.8683,412.42139999999995,396.1811,398.20140000000004,350.85490000000004,354.7745,354.9224,310.9697,298.3289
Spain,401.99479999999994,428.5376,520.5447,499.8425,484.0875,559.66,599.5258,628.3318999999999,660.0242,696.8729999999999,716.0959,718.1293999999999,741.6851999999999,786.7121999999999,792.0194,846.7728,833.7123999999999,869.9609999999999,883.9158,925.1342,951.7937999999999,1001.8281999999999,996.7442999999998,1017.0939000000001,995.6598999999999,1017.1380999999999,1032.9654,1083.3011999999999,1079.0111,1115.7718,1151.7848,1154.4775,1183.5109999999997,1190.0913,1184.0871,1208.5336,1202.309,1325.4503,1329.2461999999998,1329.0294999999999,1327.9581999999998,1348.5756,1332.1393,1294.475,1262.9474,1272.3107999999997,1293.5828999999999,1227.4953999999998,1170.0456,1168.565
"China, Hong Kong SAR",416.2186,507.10699999999997,526.5984,588.5468999999999,626.1529,654.1471999999999,632.1866,667.0862999999998,671.2565999999999,723.2113999999999,762.7335,806.1175,821.6158,761.7092999999999,776.8272999999999,808.1369,824.2265,796.9167,780.962,818.4388999999999,852.5847999999999,896.2246999999999,938.839,924.8691,939.9435,961.7008000000001,947.9079000000002,1066.6788,975.8450999999999,999.1885,973.6923999999999,957.7751,918.9848999999999,1050.0692,1001.1072999999999,970.7384,940.7260999999999,961.6806999999999,974.342,1004.4154,1004.6483,965.1845,1023.8789999999999,1123.7097999999999,1132.4623,1216.7174,1223.8337999999999,1269.5828999999999,1323.2989999999998,1365.3518
Pakistan,311.04639999999995,310.5925,309.145,309.8995,306.7575,301.66290000000004,301.47119999999995,301.2964,302.8103,301.6409,300.6279,297.48969999999997,297.1216,294.0485,289.2283,288.352,285.4817,284.3175,277.57079999999996,288.41409999999996,285.3334,283.8329,285.7491,288.0847,294.1196,318.3443,324.2341,331.9714,337.61659999999995,344.5934,350.2847,359.0487,366.5732,376.4628,385.52479999999997,394.61569999999995,411.08029999999997,410.8091,412.91869999999994,413.20169999999996,414.77009999999996,417.68899999999996,421.37219999999996,425.53139999999996,429.76579999999996,487.41009999999994,494.825,498.7969999999999,505.3927,512.6599
Mozambique,101.93279999999999,105.19239999999998,105.19159999999998,106.44199999999998,110.6069,107.8985,105.226,107.39059999999999,106.60979999999998,108.2362,109.4649,109.9393,110.8481,112.0651,111.64249999999998,93.6757,99.8581,115.5755,99.153,100.8036,98.43369999999999,95.93900000000001,91.4436,97.7654,95.5114,83.2523,87.85459999999999,74.4249,71.6888,48.57929999999999,52.035799999999995,46.9294,46.168099999999995,46.0196,103.9408,104.41129999999998,100.08109999999999,98.584,94.2478,93.42629999999998,85.43699999999998,83.7654,77.7705,88.45450000000001,92.59169999999999,73.59389999999999,86.6575,86.9881,77.7156,80.6714
Brunei Darussalam,728.9373999999999,873.8159999999999,856.7122,783.8579000000001,708.7537,687.3124,659.2213999999999,679.5725999999999,667.9120999999999,637.8637,587.3119,581.9988999999999,538.299,598.5111,572.0757,664.3771000000002,656.4476,616.6251,709.0584,744.9802999999999,765.7062999999999,716.7584999999999,738.3187999999999,770.4694,935.3974999999998,653.9259,771.543,902.0823,798.5718,778.6756,796.6579999999999,776.3247000000001,765.1926,925.5937999999999,915.1152999999999,1078.4820000000002,768.2168,654.1845999999999,724.5515999999999,525.3487,543.6744,582.0336,534.0065999999999,509.4705,488.16730000000007,552.4657,519.1024,529.2161,513.0274,496.52689999999996
Bolivia (Plurinational State of),372.50430000000006,385.5315999999999,394.9851,375.24679999999995,382.10839999999996,387.3421,397.2504,402.7666,413.9557,439.8709,392.7766,446.8569,449.6079,471.35760000000005,474.57599999999996,492.70279999999997,518.5741,532.6985999999999,554.559,699.1153999999999,653.5138,627.9662,651.3820999999999,645.7815000000002,678.2574,619.5764,650.6823999999999,661.7118999999999,672.9907999999999,646.2189,646.3303,610.2525,608.31,613.8422999999999,633.1337,644.2479999999999,648.6533999999999,643.8062,637.8312,640.9411,637.8137,659.1838999999999,665.9907,662.7129000000001,668.6777999999999,705.9635000000001,811.5206,819.0011,673.7684999999999,670.5491
Cuba,642.6510999999999,663.6712,684.6542999999999,736.1396,747.3003000000001,719.3332,752.2131999999999,954.0631999999999,909.4952,916.8009999999999,860.8308999999999,802.8394,755.0763999999999,675.8574999999998,633.5279,731.2374,788.1657,726.9445,713.2915,713.4476,731.45,719.1345999999999,720.9625,726.579,735.4060999999999,741.1069,714.0431999999998,709.8571,705.5196,684.2683,556.8028,453.15999999999997,430.2521,442.28049999999996,430.8401,434.13689999999997,412.91259999999994,433.67740000000003,471.16639999999995,465.06629999999996,441.11569999999995,419.01079999999996,405.6243999999999,415.9936,447.1248,461.09529999999995,504.78110000000004,575.7708,561.1309,554.7171
Nigeria,103.94909999999999,97.2435,98.29159999999999,107.84129999999999,111.928,105.5339,102.2095,97.6936,115.30839999999999,115.0091,111.13979999999998,97.78919999999998,120.26979999999999,117.683,105.55539999999999,133.33119999999997,124.11989999999999,136.8321,140.2039,175.6144,157.3875,173.74949999999998,168.8054,166.2275,164.7704,114.35659999999999,109.49309999999998,96.75209999999998,90.5972,90.2846,91.8582,91.35249999999999,100.2707,98.8299,110.83979999999998,95.20889999999999,94.1489,99.4361,99.1465,94.0953,102.07769999999998,110.5565,100.57990000000001,102.2853,97.0292,89.3707,107.3181,97.25989999999999,98.44609999999999,96.44539999999999
Afghanistan,222.48199999999997,226.9051,237.00059999999996,236.63989999999998,243.32549999999998,290.6527,286.50840000000005,299.1318,302.8993,249.34029999999998,232.9776,227.09459999999999,235.17399999999998,232.66869999999997,227.9598,228.74739999999997,223.80219999999997,224.46899999999997,232.194,229.192,238.2523,245.69379999999998,257.81149999999997,263.07759999999996,247.8934,223.2686,241.75099999999998,247.8004,246.54999999999998,298.3372,283.7294,261.7322,268.09430000000003,289.0248,305.2366999999999,325.9353,344.63019999999995,361.9395,343.93829999999997,276.78380000000004,207.70479999999998,298.9325999999999,268.61659999999995,273.7899,254.6136,219.2685,239.4093,226.5879,224.90619999999998,219.5448
Iran (Islamic Republic of),196.3088,198.29819999999995,179.6838,180.57619999999997,181.0741,175.13779999999997,180.63049999999998,182.10139999999998,185.9454,195.39959999999996,196.3272,206.828,212.9357,228.7243,240.3398,270.76099999999997,298.7617,292.2935,275.5629,290.04099999999994,291.39599999999996,283.97249999999997,319.9805,296.16429999999997,261.9098,257.16639999999995,231.67809999999997,251.5264,240.35139999999998,274.10389999999995,258.1192,245.18460000000002,267.1079,258.09479999999996,251.0699,282.8668,273.1901,274.0356,255.9803,239.41379999999998,253.49309999999997,239.9241,265.5516,288.9941,285.1856,286.33729999999997,308.8361,251.0524,254.59949999999998,277.1819
Argentina,2443.1511,2494.3596,2506.7960000000003,1985.2787999999998,2047.4175999999995,2318.9087999999997,2363.0561,2492.0797,2631.0362999999993,2421.7779,1959.0732999999998,1902.9898,2013.7174999999997,2233.7518999999998,2517.0806,2562.3781000000004,2552.967,2629.6152,2526.8659,2562.606,2529.6190999999994,2137.4076999999997,2066.4374,2203.7976,2441.2090999999996,2176.7371,2222.6348,2067.65,2050.1498,1967.3041999999996,2027.7214999999999,2049.1218999999996,2062.2174,2001.0038,1857.6173999999999,1837.6144999999997,1874.3072,1891.4898999999996,2004.1147999999998,1967.3003,1887.3449999999998,1681.8973,1744.3038,1737.3587,1806.6344,1804.6068999999998,1818.4167,1829.1951000000001,1817.1623,1824.1581
France,1378.5536,1381.0756000000001,1380.3442999999997,1376.2898,1385.6355999999998,1427.7988999999998,1464.3963999999999,1513.3885999999998,1481.2944,1499.0132999999998,1500.1817,1479.1893999999998,1473.6409999999998,1483.8988,1503.1496000000002,1538.0382,1587.1658,1618.8183999999999,1699.7813999999998,1694.9524,1671.1779000000001,1646.6242,1650.9547,1668.5887,1686.3084000000001,1692.2251999999999,1680.492,1637.9590999999998,1631.4421,1664.7250999999999,1734.8923999999997,1629.6214,1526.3969,1504.8936999999999,1570.1852999999999,1532.9067,1532.7253999999998,1563.3093,1532.1107,1527.1573999999998,1574.0042999999998,1582.8897000000002,1543.6213,1494.031,1489.1218,1438.0113,1449.9911000000002,1442.8409000000001,1457.7866,1437.8848
Gabon,295.8067,300.7204,309.3046999999999,312.4618,302.2979,320.058,321.3069,332.2654,354.8211,335.90130000000005,302.1436,301.8422999999999,290.86760000000004,309.2407,346.8221,282.5913,394.6003,398.06479999999993,451.4577,491.3754,514.4579,567.1455000000001,580.6615,635.8542,698.2365,649.6506,551.0958999999999,512.0905,438.7735,420.1296,612.7982,634.1699999999998,699.2325,620.3233,529.5316,422.0653,341.899,402.9985,408.04779999999994,409.7608,401.0963,330.5303,294.716,356.79909999999995,445.15599999999995,478.4907999999999,378.2912,261.8571,277.66839999999996,300.0275
Lesotho,297.63009999999997,301.38149999999996,279.1673,243.62489999999997,272.53229999999996,178.40210000000002,211.02219999999997,193.13249999999996,210.0099,247.2138,266.9401,277.8761,274.38359999999994,273.3683,259.18829999999997,254.67489999999998,262.2562,282.7538,285.59560000000005,294.24139999999994,280.9631,317.11,351.8427,322.7376,309.7283,291.7921,276.5621,270.23900000000003,232.4316,197.1365,206.06990000000002,234.32949999999997,244.40529999999995,207.27639999999997,165.9786,168.736,186.4871,182.3059,183.60389999999995,189.5844,193.0172,189.8946,187.79629999999995,189.3116,193.06349999999998,281.4972,200.9986,202.03269999999998,203.17589999999998,193.1529
Bahamas,1118.9836999999998,1090.8181,1098.8075,1196.1761000000001,1162.4166,1260.9719999999998,1215.0685999999998,1321.3564000000001,1250.8129,1265.4758,1250.926,1193.9316,1100.6540999999997,1054.2548,1016.3344,995.8266999999998,817.5518999999999,999.6482000000001,1222.7779,1304.684,1252.9992000000002,1454.9362999999998,1479.7976,1446.505,1408.2024,1389.4127999999998,1365.2704999999999,1389.4513,1422.2760999999998,1385.2781999999997,1339.484,1333.7788999999998,1321.4519,1344.3912,1176.5819,911.7318,789.1958,778.6113,823.7694999999999,794.9298999999999,927.1623999999999,896.9133999999999,917.8364999999999,795.2774,878.4178999999998,909.3133,890.8106,898.5682999999999,1028.1593,990.0825999999998
Malta,806.7605,779.6353,855.2741,805.3108,853.8881999999999,858.4713,924.635,971.89,1043.6245,1053.7559999999999,1071.5115999999998,1029.2823,970.9063999999998,982.4851999999998,1071.7771,1329.4957,1268.2228,1407.7049,987.3001999999999,1146.8074000000001,971.5711999999999,1113.5264,1028.5113999999999,1002.0496999999999,1288.3724,1035.9369,1225.5036999999998,1152.1718,1262.3093,1226.8102,1575.3605999999997,1457.5457999999999,1379.0964,1114.9391,1434.0989,1371.6511,1385.3517,1324.0076000000001,1412.7675,1329.3636999999999,1109.2477999999999,1189.3483999999999,1205.9458,1226.5230000000001,1197.3621999999998,1213.4082999999998,1273.2909,1214.1665,1155.4817,1083.8406
Maldives,0.0,0.0,0.0,0.0,0.0,0.0,0.0,0.0,0.0,0.0,0.0,0.0,0.0,0.0,0.0,0.0,0.0,0.0,0.0,0.0,0.0,0.0,0.0,0.0,0.0,52.7746,55.8536,49.270799999999994,95.3552,95.87369999999999,138.62359999999998,123.9255,173.52530000000002,182.14889999999997,180.8789,173.5607,210.8095,261.29959999999994,214.20499999999998,218.2188,233.9957,223.7981,237.06470000000002,252.8801,244.5342,306.76779999999997,314.0105,340.1852,322.09090000000003,343.5725
Chad,258.5664,297.1245,303.6807,302.3361,313.6931,271.8379,294.9413,281.4143,191.30339999999998,200.37220000000002,185.4221,214.14809999999997,203.4348,161.05679999999998,193.48899999999998,187.1129,206.3229,226.4602,247.38549999999998,241.03349999999998,260.39110000000005,266.74240000000003,261.97520000000003,208.06419999999997,226.78609999999998,341.8419999999999,332.15129999999994,350.92350000000005,346.0444,354.9656,352.61129999999997,357.80679999999995,312.0422,252.0593,268.6473,271.735,286.7038,302.1751,288.2991,265.73299999999995,266.1207,255.39409999999995,253.96390000000002,248.44129999999996,244.15269999999998,243.97809999999998,241.83069999999998,240.84739999999996,240.146,241.9707
Saint Kitts and Nevis,198.3072,200.4653,212.22820000000002,221.7817,233.73579999999998,255.51059999999998,299.0466,300.7365,316.99559999999997,319.3986,335.06909999999993,329.63739999999996,281.80499999999995,291.8556,294.7582,329.4507,353.6574,364.65299999999996,377.62239999999997,427.9584,477.79089999999997,513.9953,594.9209,525.2958,605.2502000000001,649.9832,673.8779,623.3637,512.4507,510.89509999999996,465.69450000000006,430.7047,502.326,464.4540999999999,621.5492999999999,519.8226999999999,471.76669999999996,521.8108,569.7883999999999,623.3017,588.6777,502.70539999999994,511.0026,539.1982999999999,543.5722,567.4956,465.0965,546.1383999999999,530.7434999999999,497.0173
Saudi Arabia,74.63629999999999,76.8336,79.21719999999999,83.3202,84.542,93.90349999999998,96.825,107.43379999999999,108.30879999999999,105.0867,116.35820000000001,124.22219999999999,119.27749999999999,133.8616,131.92989999999998,165.8177,240.20839999999998,273.6009,334.39959999999996,366.84749999999997,362.6715,379.6576,403.09819999999996,424.4765,362.7344,349.8211,322.47889999999995,307.756,267.5694,298.65459999999996,293.9364,239.93970000000002,179.1068,184.49309999999997,268.4652,273.4552,235.1447,250.9099,259.76619999999997,264.29110000000003,232.84219999999996,245.25740000000002,259.0092,284.8854,277.8804,279.889,283.4343,234.79899999999998,288.79269999999997,312.8908
Bangladesh,80.8447,80.756,81.49879999999999,82.24199999999999,80.56389999999999,77.91629999999999,77.408,76.53869999999999,77.1832,78.4233,76.01389999999999,73.64769999999999,73.77619999999999,73.3278,72.96719999999999,76.32379999999999,74.54749999999999,85.22189999999999,83.23660000000001,60.686899999999994,60.8891,57.893299999999996,58.9319,57.913,64.3672,62.82589999999999,61.931099999999994,59.8031,59.8605,59.5406,58.8306,58.5955,59.06479999999999,58.8338,58.4446,61.299099999999996,64.4383,60.66789999999999,64.09100000000001,62.756499999999996,62.4435,65.0827,64.8189,67.1264,69.36349999999999,67.3153,68.3655,68.70339999999999,70.98859999999999,74.0283
Cyprus,459.74109999999996,427.77130000000005,446.21180000000004,486.7121,528.0999999999999,602.7363,612.453,643.2914000000001,657.5763999999999,664.4464,678.9739,724.8732,785.2558999999999,610.3397,528.1577,490.30159999999995,544.8670999999999,545.5391999999999,574.9241999999999,581.8620999999999,631.521,623.0705,737.1508,728.6267999999999,747.1063999999999,786.1456,874.8904,850.9708999999999,889.2408,846.6874,828.7633999999999,882.5158999999999,859.6864999999998,857.4380999999998,850.5266,809.3908999999999,789.172,770.0512,783.0591,819.4936,788.9527999999999,786.858,793.4454999999999,784.9645999999999,785.5053999999999,774.4525000000001,784.6024,768.5449,776.6283999999999,774.1657
Venezuela (Bolivarian Republic of),677.8986,661.1347999999999,665.4839,685.7717,666.5058,673.4884999999999,669.3033,664.3533,720.9612,689.3944999999999,701.4772,696.8562,753.3198,753.8186,805.0968,818.9406999999999,881.8011999999999,925.9938000000001,908.5817999999999,885.9471000000001,892.5662,877.0850999999998,816.4187000000001,751.6365999999999,753.2896,697.5784000000001,691.0617,749.252,694.8473,674.9974,646.3412,672.5935,691.2683999999999,607.1019,573.3869,595.6898,663.7739999999999,643.5403,612.5448,642.0265999999999,618.2906,604.8904,605.2655,608.8798,586.7982,702.4839000000001,839.5658,1012.6114999999999,953.3507,841.8870999999999
Albania,297.6221,294.45679999999993,290.1921,265.4341,273.4378,277.94939999999997,300.2851,282.851,301.60749999999996,315.6543,334.58050000000003,326.5127,335.4629,335.72459999999995,323.4462,344.87659999999994,342.24339999999995,372.97079999999994,379.2056,382.5603,392.39019999999994,394.14019999999994,407.5173,401.9626999999999,385.02099999999996,367.7186,380.9442,415.1321,425.331,478.57189999999997,606.1694,639.684,608.7799,701.0644,777.9302,842.8368,729.0523999999999,726.2031,754.0464999999999,759.7049,798.1169,858.7007,929.3100999999999,959.6092,978.7907,1097.0369,1066.4686,1115.1237999999998,1110.9139,1159.3616
Belize,619.4427,737.5726999999999,519.3315,507.2876,501.04999999999995,489.95879999999994,492.2631,506.3798999999999,439.8066,514.1143,545.7642,547.9337,523.6774,615.8458,680.7796,650.0843000000001,646.1877,683.5409,714.4830999999999,715.2931999999998,686.8906999999999,655.1964,731.0572999999999,706.1691,694.4612,647.6693,660.0547999999999,627.0273,517.2893999999999,635.9023,477.399,543.9146000000001,504.93039999999996,549.8242,576.8424,507.25419999999997,507.16049999999996,433.2442,371.7751,420.3343,441.2279,463.70609999999994,503.82370000000003,531.1649,464.04909999999995,446.02509999999995,440.131,422.8134999999999,408.50899999999996,424.2689
Cabo Verde,55.93829999999999,53.327,58.71969999999999,59.514599999999994,59.85949999999999,60.6693,63.099199999999996,63.20049999999999,69.0176,78.2768,103.4947,100.6097,87.42599999999999,79.7209,122.67109999999998,112.32049999999998,151.74989999999997,273.81919999999997,142.9407,136.54789999999997,192.43189999999998,205.79219999999998,208.6658,218.17539999999997,173.77689999999998,214.72129999999999,230.7274,258.03999999999996,239.541,272.91909999999996,255.05659999999997,503.9077,418.6913,341.3502,415.64349999999996,400.75169999999997,344.70279999999997,368.8459,365.4498,367.1216999999999,361.602,352.6072,359.92729999999995,368.131,370.4269,400.4973,396.518,394.91049999999996,386.7612,382.34319999999997
Viet Nam,130.95329999999998,130.0949,128.52769999999998,129.46319999999997,130.79059999999998,138.7886,132.2533,130.65019999999998,127.7174,127.5179,121.81689999999999,120.24499999999999,115.14309999999999,109.93349999999998,103.2153,100.33409999999999,100.8631,105.5698,108.66469999999998,105.0929,122.2866,132.52689999999998,143.0108,147.32209999999998,151.55139999999997,156.84539999999998,162.959,163.4656,167.32299999999998,167.227,162.8327,178.6065,183.18329999999997,199.51430000000002,200.21310000000003,203.59659999999997,199.9124,209.352,225.53609999999998,239.9667,261.5904,276.4446,296.412,320.42049999999995,363.21309999999994,391.3701,433.0251,459.68889999999993,502.7627,501.93559999999997
Tunisia,175.8845,170.822,155.17659999999998,161.74269999999999,173.79749999999999,190.14780000000002,196.2295,197.5883,190.1028,183.3755,189.1719,196.03409999999997,208.8545,238.42699999999996,264.37,287.5016,306.1436,267.7942,233.54999999999998,254.19199999999995,279.99109999999996,278.9398,302.6653,315.6952,318.8841,339.2623,328.95669999999996,337.7047,327.3855,306.6805,304.29269999999997,328.79769999999996,320.49089999999995,311.42949999999996,313.32129999999995,304.16119999999995,331.5925,331.70359999999994,349.6225,366.0293,355.1599,366.48449999999997,349.6302,347.17639999999994,341.351,352.4416,345.46860000000004,355.2517,345.23889999999994,354.70849999999996
Gambia,170.83739999999997,179.91479999999999,194.85770000000002,196.11419999999998,201.40149999999997,211.13679999999997,215.212,224.9596,225.16680000000002,240.1258,238.1189,236.49360000000001,236.626,224.63760000000002,220.50639999999999,215.07579999999996,196.9051,194.1918,187.9928,174.46239999999997,202.79199999999994,177.7021,184.7064,162.481,189.93849999999998,159.64369999999997,187.7026,199.07,141.79199999999997,146.7429,196.63769999999997,136.8922,135.0056,144.1095,116.7199,122.4348,119.92710000000001,118.9992,138.872,160.9342,113.57679999999999,108.9365,126.99199999999999,139.32799999999997,130.5849,127.2696,132.6393,142.09199999999998,128.0854,156.57639999999998
New Caledonia,1049.9189999999999,1045.2782,1049.1510999999998,1028.2437,1034.8027,955.3536999999999,1001.4229999999998,1041.1918,1079.5443999999998,1153.9863,1272.4743999999998,1353.8068999999998,1207.3189,991.1404999999999,921.0754999999999,818.9569,806.6533000000001,768.0251999999999,763.1255,779.2212,769.6011,793.5669999999999,717.6433999999999,723.4332999999999,704.5591999999999,744.5418,727.3063,693.2165,671.5062,724.9188,746.2254,731.2477,747.2214,807.5756999999999,732.2660000000001,869.9401,884.5445,843.1893999999999,776.486,735.2774,804.4504999999999,793.158,799.1831999999999,806.1376,783.3502,758.6493,798.0158999999999,748.1288000000001,808.9237999999999,804.0881999999999
Grenada,220.78539999999998,245.96979999999996,263.5664,289.2467,281.0677,334.24469999999997,321.6278,360.961,397.5536,380.422,385.1264,375.91409999999996,348.1722,375.77549999999997,375.1749,389.0519,365.84029999999996,377.7448,397.0721,366.8587,483.6372,440.07120000000003,331.8234,369.83709999999996,401.4932,522.0088,568.9005,515.2040999999999,447.432,481.9276,487.0628999999999,432.59439999999995,476.6832999999999,559.99,612.1394,533.8639999999999,514.7418,564.7024999999999,486.50660000000005,513.1331,425.8927,586.4252,511.03189999999995,551.1381,641.2346,667.4671999999999,493.1359,516.9064999999999,551.0310999999999,466.97589999999997
Germany,1201.6978000000001,1236.4693,1234.3631,1234.3881000000001,1246.0894999999998,1243.4735,1266.4434999999999,1320.9299999999998,1338.9661999999998,1388.1676999999997,1404.5529999999999,1414.1063,1417.5744,1460.8319,1460.7008,1467.5627,1463.1162,1517.0636,1522.6272,1560.3816,1564.4216000000001,1535.4316,1584.7282,1584.4325,1611.0956999999999,1613.6406999999997,1641.1951,1647.7985999999999,1591.3451999999997,1550.1907999999999,1498.3255,1455.6239,1376.5473,1363.6725,1331.0178999999998,1345.8497,1299.9134999999999,1311.5574,1277.0725,1265.2125999999998,1199.0014999999999,1256.8562,1271.7964,1278.7763999999997,1281.0491,1296.5648999999999,1329.3319999999999,1300.0872,1323.5973,1322.1598999999999
Ghana,132.77339999999998,116.1816,109.71920000000001,101.2695,106.34359999999998,101.5502,106.3845,97.0797,108.62499999999999,109.3885,108.5873,87.8245,85.44679999999998,99.61659999999999,71.91499999999999,72.70519999999999,65.163,60.881,55.92099999999999,56.446799999999996,55.2502,61.776999999999994,66.7354,62.61129999999999,61.105,58.26509999999999,55.4504,53.879,57.2147,63.565099999999994,97.4172,97.83709999999999,82.56389999999999,75.1669,70.3287,51.95219999999999,50.24719999999999,51.185,57.8686,56.26049999999999,54.8454,59.80799999999999,57.285199999999996,60.16609999999999,60.958800000000004,64.8367,78.2747,78.06129999999999,55.7251,59.84739999999999
Solomon Islands,209.9058,193.8331,214.57510000000002,263.19079999999997,222.9236,254.51590000000002,239.21579999999997,281.86369999999994,276.10529999999994,302.8571,283.54529999999994,291.9499,265.5299,316.53249999999997,264.0854,262.5619,262.3943,274.5141,265.0695,284.5534,254.85389999999995,322.88280000000003,259.52289999999994,304.5227,308.40409999999997,276.3443,256.7165,234.7792,308.40389999999996,178.0324,154.7403,151.98859999999996,166.65910000000002,167.48049999999998,166.83099999999996,185.83079999999998,161.02179999999998,118.3673,109.4429,106.69229999999999,102.42349999999999,151.78859999999997,128.9986,139.94559999999998,147.5776,165.7188,170.0221,165.7944,180.0916,163.72289999999998
Egypt,205.6644,202.0199,206.3779,203.58159999999998,203.2436,208.02599999999998,196.9448,225.60379999999998,215.98900000000003,211.8637,212.8478,212.3711,210.253,208.52280000000002,218.13759999999996,229.9939,233.49099999999999,240.03439999999998,228.31029999999998,244.3741,254.09609999999998,257.62489999999997,291.1319,273.27579999999995,270.751,272.7898,277.38919999999996,275.7587,268.3237,272.7393,271.27049999999997,267.9284,268.5927,314.6724,318.9618,311.60139999999996,337.4386,353.4257,356.66669999999993,372.9409999999999,294.01109999999994,322.8977,350.02369999999996,355.63190000000003,383.9107,439.91079999999994,478.3959,426.5495,423.75879999999995,457.86299999999994
Vanuatu,685.9816,695.648,790.5081,822.8793,800.1904999999998,802.5088999999999,776.6058999999999,796.5834000000001,793.7665999999999,812.3287999999999,870.0532000000001,820.8191,757.0225000000002,956.6947,809.1505999999999,823.9465000000001,657.9783,638.1284999999999,703.09,675.8245999999999,514.989,498.81289999999996,515.1258,620.634,572.3251,532.7321,528.2456,466.2534999999999,426.31850000000003,457.96879999999993,521.5817,514.3015,462.49869999999993,455.5397,498.29400000000004,466.0555,417.01509999999996,481.96669999999995,472.2423999999999,482.4838,457.5735000000001,406.19139999999993,417.1107999999999,406.77279999999996,428.08419999999995,404.9058,509.0628,490.1556,420.94589999999994,438.61379999999997
Swaziland,787.8892,861.0980000000001,838.3733,837.5189999999999,808.5919,800.9653,824.262,850.7214999999999,717.3028,704.7506999999999,644.2514999999999,725.0321,635.5932,678.4072,707.2217999999999,721.5726999999999,663.4471,695.6635,705.8266999999998,764.1564,840.2883,760.8033,804.9658000000001,660.9547999999999,648.2355,593.7162,671.3649999999999,629.0067999999999,626.8307999999998,573.9025,603.6676,662.4916999999999,650.8250999999999,594.7875,588.8583,551.2765,533.8801,540.2974999999999,498.3753,546.8873,502.58459999999997,739.4426,650.785,963.291,689.3308,610.2169,539.9479,486.11969999999997,488.04499999999996,492.7497
United States of America,1824.502,1825.3902999999998,1888.344,1970.6121999999998,1934.4268,1982.19,2013.6362,2049.6881,2047.1339999999998,2082.7543,2103.6346000000003,2105.9677999999994,1996.137,2080.2677999999996,2069.2099,2192.3702999999996,2154.7471,2087.8675,1980.1625,1973.6281999999999,1970.8881000000001,1944.5308,1982.1488999999997,1970.7292999999995,1998.0204999999999,1996.0991,1959.7079999999996,1948.1592,1873.5237,1850.8962999999999,1846.1961,1868.5033999999998,1828.9524,1873.6924999999999,1866.3292999999999,1855.8473,1825.7293,1863.4302,1886.1451,1869.6468,1854.0883999999996,1891.1985000000002,1847.3823,1854.1846,1837.4888999999998,1830.8362,1829.7622999999999,1783.5865999999996,1764.4937,1722.292
Romania,526.1907,539.4408,485.8328,506.9162,518.2301,570.8095999999999,579.6461999999999,608.3121000000001,597.247,630.9775999999999,630.9006999999999,685.8101999999999,713.7219,744.2837999999999,787.2109999999999,807.7633000000001,836.6529999999999,882.5159999999998,958.8748,928.1052,870.656,766.3421,739.9737,813.2026,806.2168999999999,734.7751999999999,753.2778,750.5622,821.6886999999999,1028.6109,973.2121,870.3616000000001,861.3297999999999,879.5713999999998,855.4381,812.4667999999999,825.0578,840.6089,804.6751999999999,786.1945,779.28,841.0737999999999,914.5405,870.8442,999.2753999999999,1031.0259999999998,1005.5109,1018.303,993.8636999999999,914.9310999999998
Kenya,439.0272,412.45109999999994,357.8707,381.26189999999997,400.3302,371.8156,367.9865,384.4487,382.4655,411.14919999999995,420.21209999999996,410.13699999999994,398.47400000000005,387.2092,360.36209999999994,362.47529999999995,436.7106,439.39519999999993,434.90389999999996,422.80999999999995,363.6159,392.554,410.5875,404.2808,384.4663999999999,408.527,438.7114,461.4736,441.60609999999997,414.59219999999993,415.64969999999994,405.1619,382.554,372.42269999999996,361.45939999999996,360.20889999999997,369.2434,364.84129999999993,380.09090000000003,350.87239999999997,371.33959999999996,404.6159,415.2215,436.1481,468.99869999999993,470.3298,447.8725,457.51919999999996,482.6912,459.78689999999995
Togo,68.023,68.3707,70.7347,86.69049999999999,84.31479999999999,82.6481,81.7277,72.38699999999999,76.747,74.66499999999999,64.9641,67.83959999999999,75.28379999999999,71.40069999999999,73.91159999999999,69.2647,67.9909,63.73879999999999,60.6551,58.9385,67.72959999999999,84.3818,76.8741,111.9807,111.9968,118.3438,102.70499999999998,93.27709999999999,85.5272,62.664699999999996,59.9884,60.863899999999994,55.9281,62.6038,58.17729999999999,61.6455,60.8213,55.6306,57.468799999999995,58.0984,64.30579999999999,65.83129999999998,62.244400000000006,63.2968,66.1128,75.017,67.83469999999998,62.9103,67.291,64.1008
Central African Republic,163.0122,165.1812,169.8078,167.28379999999999,163.8763,174.7958,184.85349999999997,190.8636,199.40759999999997,207.2902,217.00769999999997,229.77169999999998,242.6661,253.5646,267.995,288.0886,273.08930000000004,276.9445,237.6793,275.55080000000004,299.18690000000004,317.0387,361.589,335.4144,340.35499999999996,338.4595,373.4222,394.7486,401.5879,408.9579,412.73380000000003,416.6893999999999,421.85089999999997,411.0347,426.4287,523.5195000000001,430.91959999999995,429.25299999999993,422.71009999999995,526.3150999999999,517.1524999999999,522.962,492.8642,541.9528,545.8365000000001,547.7709,577.8426,555.9328999999999,556.2521999999999,563.1528
Trinidad and Tobago,378.16769999999997,365.8898,398.70199999999994,446.3574,419.419,426.18330000000003,413.0308,393.2718,426.4339,435.058,433.95349999999996,455.07039999999995,447.6361999999999,467.8365,509.79929999999996,536.8415,548.3057,637.2305999999999,527.9975,602.2207000000001,605.3622999999999,678.1993,690.1878999999999,696.2169,693.9549999999999,666.8638,517.5871,386.2704,331.5562,328.2098,373.22479999999996,332.1141,323.6735,320.85669999999993,318.96079999999995,300.3085,274.77819999999997,346.19809999999995,341.4976,372.8184,353.46489999999994,367.25509999999997,383.0961,391.21299999999997,383.03139999999996,410.0276,429.40749999999997,409.28610000000003,431.47119999999995,418.94149999999996
Kiribati,198.74349999999998,379.1636,384.7589,412.92780000000005,373.20279999999997,281.0838,360.53790000000004,359.84719999999993,294.17769999999996,329.1439,331.60639999999995,373.9385,368.8003,344.3362,333.5751,379.51129999999995,440.19669999999996,374.4033,396.59119999999996,373.58979999999997,289.03079999999994,283.8755,265.64169999999996,270.6499,251.97320000000002,195.3449,272.3822,244.432,336.7963,219.7406,253.6283,268.3905,236.3332,246.65820000000002,311.2082,285.28049999999996,241.9813,252.7166,226.9415,245.8991,268.5754,270.5084,309.09869999999995,291.8075,288.8074,286.86620000000005,287.2959,258.3784,224.4101,213.2687
Poland,943.4149999999998,963.5558,1018.4308999999998,1040.7759999999998,1045.6959,1069.7648,1114.5511999999999,1131.7428,1133.668,1154.517,1204.7170999999998,1229.8144,1261.4821,1322.5519,1419.6214999999997,1467.7767,1457.3656,1413.3476,1399.9479999999999,1406.9204,1251.7978999999998,1170.4204,1277.8754,1214.6194,1282.9184999999998,1387.1367,1368.7361,1402.8959,1358.1378,1330.1816,1346.1528,1253.871,1195.2066,1084.9968999999999,1083.6478,1104.1410999999998,1030.5892,1067.075,1076.0471,1029.3501999999999,983.0888,996.6744,1027.75,964.4042999999999,913.1457999999999,935.8596,937.3154999999999,921.1285,902.7214999999999,919.6269999999998
Ireland,1166.3005,1201.3490000000002,1238.8772999999999,1249.3365999999999,1262.4732999999999,1258.1521,1299.9600999999998,1300.2313,1336.4647,1375.0783000000001,1422.5218,1384.9184,1332.1668,1649.2068,1656.364,1649.6075999999998,1582.5533999999998,1563.4651,1491.8377999999998,1580.4015,1573.5249999999996,1620.2473999999997,1509.4668,1635.8666999999998,1601.7910000000002,1562.0650999999998,1614.6459,1609.1198,1407.2758,1398.8890999999999,1457.3020999999999,1342.7539,1279.2522,1166.5720999999999,1137.8857999999998,1199.4171999999999,1298.1819999999998,1361.0122999999999,1408.739,1353.933,1573.7221,1600.3938,1582.5410000000002,1630.6124,1507.8617,1502.805,1448.1672,1416.6628,1362.6512,1358.2492
Senegal,255.4166,258.8627,276.26059999999995,280.8189,281.09099999999995,287.5697,314.04510000000005,312.20169999999996,313.03889999999996,288.28189999999995,267.9121,251.0113,250.80809999999997,204.4451,216.57699999999997,216.9793,244.46159999999998,243.9755,244.31079999999997,210.16340000000002,232.78640000000001,233.82430000000002,249.7987,247.59109999999998,219.2595,234.86960000000002,248.49269999999996,234.10249999999996,222.75650000000002,219.50519999999997,220.30589999999995,222.9645,222.2865,192.2976,182.23309999999998,180.2883,176.26419999999996,170.85080000000002,176.31330000000003,176.66570000000002,176.6907,165.9194,168.9959,173.5239,182.2289,201.0398,172.264,190.38139999999999,215.15779999999995,198.86950000000002
Mauritania,652.6116999999999,659.2112999999999,653.6978999999999,670.0355,690.3039,692.9471999999998,693.0541000000001,692.048,591.5594,580.7828999999999,631.3312,513.5564999999999,439.7043,401.4362,454.0374,458.8053,529.223,561.2135,557.5307,565.0931,609.2772,582.8964,560.9313,543.9966,565.2411,486.1495,484.7564,491.9271,476.75509999999997,458.479,474.67509999999993,466.0503,366.1127,348.273,338.5488,344.68059999999997,363.7749,366.121,364.07399999999996,404.1219,421.6678,424.41769999999997,422.9524,425.9224,438.7431,414.6329,375.4086,388.6266,393.47159999999997,413.0923
Rwanda,49.7691,50.477599999999995,55.7047,55.541399999999996,54.46889999999999,59.92800000000001,63.495999999999995,58.789100000000005,58.9961,59.9854,57.69069999999999,57.6436,56.53529999999999,63.7217,74.73349999999999,74.5637,79.6398,86.98610000000001,83.6349,92.1812,95.1122,93.2885,89.42790000000001,92.11859999999999,97.5947,91.39999999999999,80.3466,77.19999999999999,76.5063,76.8522,84.463,82.3573,86.0444,79.1114,81.50359999999999,84.1523,86.0625,87.1624,89.4236,79.94569999999999,87.418,83.0666,93.55609999999999,95.40079999999999,96.42639999999999,110.44839999999999,117.39139999999999,124.58849999999998,119.11999999999999,103.38219999999998
Austria,1274.7271999999998,1334.1186,1320.4460000000001,1333.2806,1312.281,1311.632,1348.3114999999998,1378.5421999999999,1386.6423,1405.1308999999999,1428.5375999999999,1453.1441999999997,1457.6081,1523.9593,1536.9316999999999,1596.2850999999998,1569.2704999999999,1626.913,1643.7228,1668.1900999999998,1714.3251999999998,1674.9922,1665.7452999999998,1644.7365999999997,1622.4526,1651.5407,1643.3874,1665.1119999999999,1677.6735999999999,1676.1543000000001,1728.4304999999997,1788.9989,1723.7454000000002,1763.3094999999998,1570.3265999999999,1621.8156,1601.3560999999997,1574.4323,1541.6136999999999,1601.5256999999997,1556.0226,1566.4941,1457.2497999999998,1433.1023999999998,1425.1763999999998,1412.6497,1430.7314999999999,1402.2463,1417.9064999999998,1411.3959
Zimbabwe,394.8911999999999,376.63870000000003,371.60670000000005,293.6358,265.64079999999996,288.05949999999996,210.20079999999996,226.76530000000002,240.6146,262.6722,325.0417,413.59069999999997,446.375,299.2679,274.6867,301.9643,294.6387,279.2877,252.6073,307.77059999999994,307.0114,325.7465,281.76379999999995,247.66609999999997,242.18909999999997,267.117,240.69969999999995,231.37109999999998,240.4468,255.4919,240.58279999999996,243.74439999999998,160.91709999999998,159.6891,156.7653,170.00849999999997,187.0895,197.8768,218.62650000000002,239.967,300.6484,250.8616,263.3443,276.891,275.69489999999996,279.449,280.6504,277.8566,287.2399,279.6341
Guinea,89.42130000000002,90.4417,91.99769999999998,93.4247,94.3707,95.8074,90.48710000000001,93.8881,85.7182,84.66749999999999,83.7528,83.921,87.5161,98.0244,100.91389999999998,101.8732,100.92880000000001,101.4937,98.3044,97.29279999999999,94.5776,94.41539999999999,97.4435,98.207,99.1698,69.95509999999999,81.8074,92.6593,88.737,94.4538,97.6912,103.447,104.87089999999999,105.1224,117.4688,111.3471,112.41019999999999,111.8523,116.6711,123.1279,122.28850000000001,124.0256,131.07609999999997,135.29350000000002,139.88129999999998,150.2732,153.2145,151.61749999999998,171.6333,185.7302
Uruguay,2329.0191999999997,2142.8462,2218.4699,2490.1227,2252.1932,2023.2747999999997,2007.8715,2379.1982,2432.4858,2541.1062999999995,2180.207,1936.4654999999998,2030.3755,2286.0984,2487.3603999999996,2308.0751,2276.9040999999997,2161.3572,2096.4382,2314.2738,2271.8022,2360.7880999999998,1858.5358999999999,1845.1338,1777.9178,1704.4641,1854.0070999999998,1818.7224999999996,1731.8579,1544.2288999999996,1937.1339999999998,1922.4325999999999,1919.5749999999998,2043.4639,1726.4210999999998,1782.4499,1699.6626999999999,1710.3551999999997,1676.5546,1510.0533,1604.2827999999997,1454.8789,1124.0379,1128.315,1011.0957,982.2986999999998,1021.6568,1234.2369999999999,1213.6453999999999,1268.2302
Cambodia,83.46099999999998,86.71099999999998,92.47130000000001,98.4104,103.1177,107.79499999999999,125.2537,137.649,148.1536,164.4869,167.00739999999996,159.12789999999998,156.4469,140.35559999999998,106.26299999999999,87.11519999999999,73.14059999999999,69.8466,76.08059999999999,74.6999,83.93769999999999,117.628,127.8814,142.2783,154.90169999999998,156.11210000000003,164.38119999999995,174.4873,190.5295,180.6654,182.0913,206.8841,209.46280000000002,202.8525,204.7368,205.4663,209.61509999999998,206.9817,204.83279999999996,234.2965,228.5964,215.02939999999998,220.41929999999996,219.59920000000002,227.41519999999997,234.83440000000002,233.9075,230.0058,231.1362,213.31779999999998
Israel,552.4703999999999,680.2448999999999,674.686,772.9318999999999,769.8091999999999,905.9524999999999,759.6672,900.8607999999999,906.4813999999999,912.1489999999999,910.8132,813.8469,915.6933999999999,754.9303,847.4704999999999,853.6287,1007.6087,781.1881,1013.9948999999999,744.2928999999999,800.4452999999999,850.5466999999999,773.0029,911.9598,882.3758,812.2430999999999,882.7597,959.7896999999999,852.7596,827.18,897.0328,819.3519,826.6991,950.4001,877.5965999999999,901.5083999999999,936.5272,908.7492000000001,890.4998,989.3833999999999,947.1387,1039.6203,1031.8326,1032.9577,985.9445000000001,1077.4107,1056.6626999999999,1124.7754999999997,1001.7370000000001,1039.9196
Switzerland,1417.127,1470.0104999999999,1417.2581999999998,1464.8098999999997,1464.5093000000002,1454.5794,1454.8534,1478.8083000000001,1501.4047999999998,1565.2089999999998,1564.3338999999999,1551.0707000000002,1592.0669999999998,1567.1216,1534.7500999999997,1607.5639999999999,1665.5597999999998,1689.7905,1700.6853999999998,1744.3983000000003,1726.8330999999998,1747.4888999999998,1716.2145,1759.2622999999999,1757.4285,1740.5981,1725.0053999999998,1661.6232,1661.7646,1680.1807999999996,1697.7921000000001,1641.3876,1590.4072,1523.9113,1507.4387,1480.4272,1452.1769,1459.6974999999998,1407.0719000000001,1410.7988,1385.7934999999998,1405.2113,1402.3662,1386.0462999999997,1392.5103,1419.3759999999997,1410.3871,1416.4758,1415.1192999999998,1435.9978
Lebanon,309.7641,328.901,363.3674,380.9745,384.0981,398.1556999999999,403.50890000000004,406.0245,392.9068,389.0041,398.955,364.3941,405.13800000000003,420.7661999999999,364.7328,383.4459999999999,391.34860000000003,417.0850999999999,498.0448,563.2555,567.7425000000001,582.0115999999999,608.756,531.2578,488.0621,459.4859,423.1667,436.6975,444.2773,390.7323,424.00350000000003,516.4692,550.6738,525.1631,513.7067999999999,517.2833,732.4363,648.9304,714.1786000000001,745.4857,617.1879999999999,729.6038,755.6158,717.6737,751.2596000000001,726.5853999999999,712.3105,731.5665000000001,820.3195999999999,694.4802999999999
Botswana,632.1464,689.0233999999999,723.9585,688.3752999999999,673.2909,610.3798999999999,626.174,639.7116,677.5903,828.0585,844.0497,868.7904,497.66319999999996,252.9418,262.5565,265.1663,274.145,238.1459,277.1266,295.9883,306.0534,291.45050000000003,211.0641,654.8641,481.76110000000006,293.28319999999997,405.5023,425.9128999999999,422.4301,591.077,589.9147999999999,663.4619,534.9639999999999,414.7702,579.8786,596.94,463.4392,393.7727,331.03319999999997,369.4095,342.78909999999996,385.5525,303.1594,442.98119999999994,483.6805999999999,438.0768999999999,345.9574,334.8786,384.1974,339.4999
Angola,141.6361,147.3833,152.5881,163.91429999999997,174.78949999999998,176.1327,191.66639999999995,191.15079999999998,208.49919999999997,227.62319999999997,230.20909999999998,222.27309999999997,230.2927,229.8342,258.0064,240.24789999999996,311.18589999999995,313.37010000000004,310.5949,324.58939999999996,343.8058,333.9085,292.62170000000003,312.76919999999996,349.2063,282.3048,315.8119,307.6334,323.33140000000003,285.6638,254.3122,252.0968,236.35589999999996,215.828,193.84659999999997,225.43679999999998,238.0356,246.56529999999998,232.7899,272.2478,281.37149999999997,296.54380000000003,305.0505,264.68309999999997,305.3402,296.677,309.4832,303.62579999999997,267.55379999999997,258.6953
Saint Vincent and the Grenadines,214.34749999999997,215.59179999999998,219.998,211.1411,224.3277,267.52419999999995,242.6506,262.5549,268.47619999999995,295.53839999999997,325.01009999999997,290.8925,275.6037,253.1576,263.1022,259.1459,282.98749999999995,295.8624,261.044,233.9523,226.5881,259.5343,232.1279,296.4862,259.1571,251.89979999999997,382.79619999999994,338.4803,374.3532,395.05719999999997,403.74679999999995,424.9391,379.41999999999996,382.2599,411.06859999999995,373.8015,372.4944,372.26789999999994,379.49060000000003,354.4951,358.7452,495.7052,469.4002999999999,491.1079,532.6879,537.0045,585.3062,615.2578,659.7086,675.1582
Timor-Leste,190.02569999999997,184.15189999999998,188.1287,192.8419,199.51889999999997,197.258,172.8027,174.36990000000003,171.2423,180.14980000000003,190.9988,194.9034,180.16949999999997,178.8758,145.05710000000002,120.19049999999999,111.77689999999998,102.99299999999998,95.02489999999999,103.69559999999998,106.3736,110.8422,116.38919999999999,121.38659999999999,128.11169999999998,132.0388,128.4006,134.4397,152.1426,155.4264,167.86489999999998,185.37279999999998,202.68309999999997,165.99419999999998,172.03939999999997,130.2149,193.98919999999998,207.16349999999997,152.42919999999998,164.0194,171.2824,189.13160000000002,197.8097,141.2112,138.13979999999998,137.99269999999999,136.0862,140.6567,152.9376,151.638
Antigua and Barbuda,504.6308,513.1879999999999,476.5245,463.6174,453.0472,490.7689999999999,431.59039999999993,389.0387,462.1692,525.0164,536.7904,484.9566,465.04709999999994,411.1453,382.26329999999996,383.7538,473.7767,531.4828,521.9257,643.2687999999999,585.7885,619.3545999999999,628.2701999999999,699.2928999999999,694.9477999999999,715.1856,792.2829,816.9688,676.7467,687.0084999999999,694.9972,681.8549,670.1511,639.2859,614.0023,536.7962,517.2645,560.5935,534.5071,521.6712,489.5177,516.1374000000001,480.7934,450.5209,574.2091,549.3571999999999,614.5495999999999,636.6557,613.9457,589.2196999999999
Zambia,265.34479999999996,256.1372,245.565,224.41539999999998,233.3509,254.51460000000003,254.26749999999996,278.40059999999994,270.6362,257.8419,262.0395,275.9196,232.38479999999998,221.52709999999996,218.53229999999996,209.7422,198.2524,188.5067,176.82690000000002,177.59239999999997,178.20999999999998,184.7023,158.5923,142.8721,154.4136,152.8816,152.8072,151.1893,152.4716,218.0382,221.92559999999997,208.76819999999998,199.6464,194.14620000000002,165.3006,157.80349999999999,179.73999999999998,178.6157,185.7926,172.364,172.14450000000002,178.0846,173.59180000000003,163.31019999999998,166.49479999999997,161.8827,165.9436,164.09519999999998,178.04869999999997,188.25699999999995
Yemen,138.6317,137.92989999999998,136.06369999999998,138.2285,141.17249999999999,134.66979999999998,135.11639999999997,109.31519999999998,106.28609999999999,97.40959999999998,98.615,101.6509,99.8265,105.73410000000001,114.40129999999999,114.838,145.09179999999998,173.076,184.97349999999997,189.17919999999998,198.92499999999998,209.86379999999997,203.5641,204.3068,203.73339999999996,191.27870000000001,171.2629,185.60589999999996,173.44369999999998,160.8465,161.2518,131.4341,148.65619999999998,130.7257,120.33670000000001,119.16179999999997,123.10669999999999,138.0,132.4209,142.78209999999999,144.1572,146.67839999999998,172.96499999999997,168.3629,168.80419999999998,165.2475,179.3936,181.91229999999996,198.9527,188.42679999999996
Samoa,494.39869999999996,491.27329999999995,562.0252999999999,607.4929,542.1443000000002,487.11340000000007,444.96229999999997,464.5891,493.32439999999997,560.1629,570.5006,609.4243,505.5472,522.1419999999999,722.266,306.6148,373.7001,320.624,304.30429999999996,272.37899999999996,269.0561,277.7056,278.9565,307.0195,396.74769999999995,381.7222,475.55589999999995,436.44609999999994,482.2188,540.3585999999999,479.81229999999994,433.9683,435.11940000000004,427.00909999999993,427.1883,452.2795999999999,465.78139999999996,446.6799,470.55589999999995,537.2718,558.3051999999999,677.5337999999999,566.5895999999999,558.6031,520.1089999999999,556.7613999999999,572.5378999999999,554.1147,537.3345,527.2924
Guyana,360.8685,355.9615,369.67289999999997,368.7188,390.3399,402.54959999999994,390.05109999999996,386.8381,390.15290000000005,396.4411999999999,396.4129,379.21449999999993,357.6637,306.76099999999997,341.8517,367.7428,293.991,266.3103,220.0263,263.24969999999996,252.2939,188.9662,181.8493,138.0972,135.27319999999997,126.4263,154.4187,150.7342,161.1099,160.65089999999998,177.7762,234.2729,258.8902,254.04160000000002,252.05519999999996,240.94829999999996,246.11989999999997,286.7254,313.5752,283.03689999999995,287.4951,310.5406,298.688,303.1841,290.5167,298.52029999999996,305.28729999999996,302.4958,299.2795,289.46979999999996
United Arab Emirates,334.9366,304.1935,275.5937,253.67749999999998,238.5975,265.97349999999994,346.7906,390.3462,329.6689,337.5407,327.97799999999995,477.2981,477.86789999999996,651.6143,501.0777,554.4476,515.1859999999999,443.2909,491.88530000000003,788.6575,895.4148,950.4658999999999,899.8110999999999,931.6188,753.1129,670.0095999999999,705.3941,645.8005999999999,640.7788,690.4928,664.5996,681.1826,656.4289,761.2216999999998,719.8829999999999,684.3734,523.4716999999999,384.8495,526.5027,502.2437,389.6216,783.0513000000001,807.8176,472.22839999999997,402.52700000000004,394.8687,702.2043,722.7518,432.091,365.01980000000003
"China, Macao SAR",245.26659999999998,334.3511,377.50350000000003,433.55809999999997,407.91139999999996,459.5145,322.1347,306.17099999999994,305.85779999999994,358.8221,388.1514,508.8877999999999,457.01149999999996,430.0036,459.44679999999994,472.90840000000003,499.87980000000005,548.5925,616.2885,741.3490999999999,729.732,805.7051999999999,922.9833999999998,850.27,820.3560999999999,770.9247,721.5782,776.5229999999999,819.7628000000001,801.0528,820.7452999999999,874.3794,858.8287,913.1055,917.3407,845.5804999999998,807.4511,780.7352999999999,719.4556,749.7850000000001,784.3796,817.7624,864.9620999999999,977.4646999999999,1029.0149,973.5088999999999,1115.6799,1172.1807999999999,1112.9418999999998,1092.4705
Peru,296.1072,298.68309999999997,305.8455,334.8678,339.0877,342.72069999999997,340.3494,334.0768,333.6818,343.6832,350.6337,331.50469999999996,328.19,313.56269999999995,311.1012,308.9075,301.5638,286.674,272.0355,232.5783,246.06650000000002,255.8494,249.2135,234.38039999999998,225.8361,276.4142,273.926,253.9878,222.98520000000002,216.11010000000002,216.92079999999999,208.9304,210.93,215.66469999999998,216.4306,225.85989999999998,231.51319999999998,227.5011,229.41649999999998,220.3116,215.82049999999998,222.3172,222.0111,226.0775,232.50759999999997,253.06069999999997,251.2774,255.9164,257.95799999999997,269.3424
Netherlands,1265.4451,1341.6416,1362.1778,1276.5227,1299.746,1346.531,1439.0998,1430.4265,1405.1007,1417.6617999999999,1433.1774999999998,1466.8571,1441.177,1553.283,1470.4265999999998,1513.2370999999998,1550.0974999999999,1539.9411,1593.0645,1634.2423,1509.7646,1577.6718999999998,1571.1019,1637.1444999999999,1588.4238,1525.0313999999998,1577.0718,1555.8265000000001,1425.8320999999999,1472.4424,1560.5258,1503.0747999999999,1705.1557,1497.9059999999997,1724.3273,1671.7097999999996,1595.8256000000001,1706.4587,1659.7015,1623.9649999999997,1594.7266,1571.4856999999997,1421.8544000000002,1466.8746999999998,1452.418,1488.1068,1465.8298,1386.7707,1458.9542999999999,1429.8752
Sierra Leone,69.9849,72.838,76.55579999999999,85.3159,88.70089999999999,90.7266,84.6386,83.44659999999999,87.9616,87.57339999999999,83.46409999999999,80.38309999999998,80.61249999999998,76.2838,75.6625,75.112,71.7696,80.658,91.79429999999999,84.3904,83.5033,77.7053,70.2707,67.644,60.9515,62.5218,64.0285,59.00599999999999,58.3143,60.722199999999994,65.4608,64.3984,72.814,73.76279999999998,69.9075,55.815999999999995,54.74999999999999,53.765299999999996,53.41289999999999,51.1558,36.9353,41.386700000000005,41.5801,43.115899999999996,45.79469999999999,56.74549999999999,57.853199999999994,58.4742,61.76299999999999,63.95349999999999
Madagascar,577.6751,585.5143999999999,579.2765999999999,569.8223,478.48990000000003,592.0749999999999,581.7211,575.7236,539.3598,503.9125,444.91459999999995,471.7968,455.3555,449.06530000000004,466.9885,460.3968,352.78839999999997,573.6191,477.2161,485.66089999999997,493.4157,481.9988,476.1783,467.23639999999995,450.9298,449.2512,448.62789999999995,443.9457,435.2351,427.346,416.2218,406.0965,393.46520000000004,382.4265999999999,370.42550000000006,370.83709999999996,365.5206,345.5162,329.0645,309.40569999999997,246.76189999999997,231.3557,228.9444,226.96009999999998,255.5864,257.78209999999996,254.3771,265.6128,261.09889999999996,262.6939
Nicaragua,479.5449,445.93589999999995,479.31199999999995,503.1734,499.17690000000005,511.13969999999995,510.5525999999999,556.4327000000001,577.8253,590.9625,605.2503999999999,585.6726,554.1373000000001,542.7749,627.1415999999999,659.1148,695.9243000000001,621.7845,554.881,457.94159999999994,436.9911,436.4282999999999,421.9456,472.7323,438.4097,409.19399999999996,320.71659999999997,276.4166,236.6914,323.1031,296.7659,295.8458,261.0208,231.8082,215.9098,229.93829999999997,233.8896,243.3947,275.5488,268.36659999999995,273.472,259.1165,277.9735,287.77919999999995,289.90919999999994,296.1843,303.8927,294.9695,301.8409,305.07149999999996
Turkey,400.96659999999997,410.0465,396.54819999999995,388.31,383.31579999999997,396.30559999999997,391.96869999999996,389.6114,391.70619999999997,377.35859999999997,371.16179999999997,360.2903,368.0616,380.08119999999997,384.8029,373.8083,387.5723,372.39379999999994,404.1744,389.0349,392.58759999999995,367.00519999999995,349.8608,483.08369999999996,475.7781,529.5953999999999,459.0833,444.80379999999997,451.31739999999996,445.8295,448.7936,429.1572,431.1026999999999,427.7217,430.2186,423.70500000000004,437.64639999999997,428.27570000000003,419.5702,406.9829,372.6242,349.0184,379.7333,396.8587,387.8203,407.19239999999996,440.62569999999994,409.1187,395.2481,517.5184
Nepal,187.9509,187.56799999999998,191.4848,190.3938,190.3714,187.9671,190.77009999999999,192.31609999999998,193.7783,194.0938,198.2733,202.9552,205.5775,210.15370000000001,218.0959,221.28289999999998,225.7093,228.25719999999995,227.7031,238.14030000000002,250.94819999999999,272.34479999999996,276.6508,273.5978,273.7447,273.6956,268.01509999999996,268.6184,267.2029,264.5569,260.3601,255.35569999999998,249.3071,252.5525,255.2654,252.9009,261.7769,262.9195,264.23799999999994,260.2164,259.85749999999996,260.45349999999996,263.75140000000005,264.49289999999996,269.4435,270.4707,274.7161,279.1894,285.2206,289.1544
Burkina Faso,100.95749999999998,103.2781,111.58739999999999,119.0074,130.2335,131.7853,131.1472,122.17309999999999,143.41119999999998,151.7685,151.761,126.96199999999999,85.0773,82.7822,94.6962,112.2305,119.0155,134.281,145.9554,133.625,124.944,130.8408,143.4244,136.99069999999998,153.5532,162.7214,160.6909,156.6412,144.81889999999999,217.10410000000002,225.1717,212.1368,214.27029999999996,212.17039999999997,216.71779999999998,210.3237,214.0252,211.06169999999997,212.76069999999996,210.80249999999998,206.9272,206.63139999999999,274.2911,273.0028,279.1173,281.64529999999996,273.9761,270.3005,269.45869999999996,266.8547
Colombia,698.7067999999999,728.5908,731.4874000000001,723.8924999999999,708.1633999999999,645.3558999999999,637.7772,638.2568,635.9465,653.2086999999999,688.9144,621.6421,585.1851999999999,586.0008,635.1618000000001,704.4813999999999,698.3361,686.1431,705.9911,699.5,719.8081999999999,679.8555999999999,647.8458,678.2899,666.934,651.9092,634.0957999999999,684.4395000000001,729.2139999999998,767.9375,722.5005,653.2934,662.8430000000001,690.1048000000001,732.6262,749.9292,761.6574999999999,751.9551999999999,709.6983,730.9251999999999,696.7625999999999,678.9984,656.7244999999999,676.5622,710.0369999999999,737.1663,710.9797000000001,716.1654,645.6650999999999,677.0046
French Polynesia,529.6025,503.4243,514.6826,621.7379000000001,629.3919,747.5291,853.7726,699.6547,875.6264,718.7469000000001,757.8055999999999,863.9791,842.4558999999999,602.7459,987.3870000000001,631.2617999999999,631.3851999999999,596.1346,532.7727,513.5341999999999,486.51129999999995,563.3855,589.5155,677.517,709.9275999999999,689.5652,721.0232,743.9784999999999,739.2461,673.5015,1157.9696999999999,1078.2840999999999,1120.8525,1133.962,1217.5466999999999,1130.9752,1125.7998,1169.0639999999999,1170.4945,1136.4537,1176.0891,1249.7854000000002,1231.645,1262.2471,1279.6632,1162.6107,1347.4154999999998,1251.5246,1209.7791000000002,1145.9207
United Kingdom,1314.3251,1354.874,1369.1328999999998,1325.9393,1285.5919,1302.3604999999998,1302.9297,1290.2719,1314.0927,1325.754,1313.6463999999999,1308.8520999999998,1259.0198999999998,1316.2217999999998,1310.1473,1256.1034999999997,1252.7313,1291.6108,1314.5405,1257.9568,1255.9840999999997,1217.7621,1212.3722,1252.2639,1240.1862999999998,1236.4881999999998,1256.5063,1221.5834999999997,1225.8456,1193.7592,1193.8619999999999,1167.3156999999999,1067.9977999999999,1067.4077,1070.1779,1057.3714,1091.2870999999998,1078.9548,1074.5671,1073.1207,1104.4369,1140.7107,1220.6055,1235.7858999999999,1224.7748000000001,1246.6872,1258.6068,1229.2857,1179.7753,1184.2911
Dominica,266.885,269.3868,266.21250000000003,270.2962,262.2186,259.7896,253.837,263.0877,288.15599999999995,277.5265,276.6413,277.5578,291.5816,291.58689999999996,321.42109999999997,299.7944,375.6049,378.85979999999995,320.2708,337.0771,327.72299999999996,348.7520999999999,335.3284,375.961,405.9941,458.1961,488.82849999999996,515.7631999999999,544.9336,586.2206,571.3978,543.4993999999999,521.3670999999999,500.73589999999996,616.7338,586.2391,660.7763,639.1833999999999,625.7909,721.5418999999999,657.6782999999999,695.1428999999999,644.8734999999999,666.0817,665.9095,746.0167999999999,787.6654999999998,809.7321,787.4496999999999,730.9884999999999
Australia,1593.7533,1815.0312999999999,1859.0767999999996,1942.1424000000002,1881.1315999999997,1819.1048999999998,1669.2314000000001,1721.4589999999998,1747.3111,1684.7245999999998,1725.4988999999998,1764.5242999999998,1822.8929999999998,1605.4051,2351.2769,2528.9645,2501.9916999999996,2553.2828,2100.4317,1868.5169,1852.3557,1984.9144999999999,1805.0311000000002,1786.4701999999997,1776.4488,1739.3703,1745.9448,1697.5109,1770.8638,1774.0624,1711.2435,1694.0765999999999,1656.0246000000002,1672.6687,1635.6749000000002,1661.1291,1521.629,1552.2939000000001,1631.3481000000002,1548.1378,1614.4551999999999,1563.4451,1712.5212999999999,1473.1017000000002,1651.8477,1515.6916999999999,1699.6578,1569.1767,1561.0840999999998,1569.9792999999997
Thailand,267.05609999999996,270.8147,267.5485,270.4018,266.1955,270.04540000000003,268.9971,270.5215,273.5603,273.21689999999995,251.6769,244.02879999999996,256.8245,251.186,251.00069999999997,253.9813,254.6574,285.1613,260.4598,247.25529999999998,262.993,260.9321,254.8025,259.2867,275.79179999999997,256.42379999999997,260.8796,257.5497,260.45349999999996,299.0192,302.8322,330.6697,329.3382,339.85939999999994,332.8984,312.5886,305.60389999999995,272.91049999999996,255.6419,271.6651,242.2669,253.02169999999998,269.81129999999996,274.62879999999996,273.63749999999993,282.9147,302.92409999999995,292.9264,284.6817,300.0485
Mongolia,1255.9107999999999,954.8075999999999,996.4393,995.6037999999999,1014.3195,1199.1244,1268.3625,1097.3976,1100.3020999999999,1013.3716999999999,974.6657,1043.2537,1026.4728,906.3845,971.5094,1042.3843000000002,987.6629000000001,961.7588999999999,1024.6015,938.3032999999999,829.7987999999999,752.5713000000001,801.2801000000001,778.4229,789.4865,836.3848999999999,826.3591999999999,878.6071,831.0063999999999,874.4706000000001,1040.3369,934.2835,854.5527,859.8451,923.501,1024.7093,1114.3265999999999,1145.7542999999998,1177.242,1002.4608,923.7080000000001,720.7846999999999,735.4381000000001,703.7743,638.2922,657.1507,667.8059000000001,720.0275999999999,724.2975,593.3977
Fiji,262.7018,268.90430000000003,299.33419999999995,354.3935,326.3511,328.0168,329.429,332.1917,368.59759999999994,375.4872,379.58119999999997,340.29699999999997,367.8649,357.0045999999999,387.88599999999997,408.8328,473.28079999999994,477.84069999999997,462.19909999999993,453.364,481.7887,486.78919999999994,508.69870000000003,499.2146,464.7942,484.34149999999994,479.06759999999997,495.82829999999996,495.9428,621.0939,547.5763,491.0888,512.5239,441.09759999999994,462.602,474.1568,475.6516999999999,452.8807,452.02049999999997,431.7944999999999,440.05319999999995,397.2814,368.0057,384.3307,384.9787,373.7564,376.2743999999999,367.0291,353.56409999999994,369.91650000000004
Chile,675.2567,707.9069,690.7764999999999,625.0949999999999,625.8452,671.4469999999999,669.1193,712.6874,681.4967999999999,716.2159999999999,650.7523,622.0953999999999,483.2999,762.5546999999999,698.5733,646.9115999999999,595.7157,607.2481,603.257,598.7094,656.404,661.3802000000001,659.1796999999999,631.6469999999999,594.9617,589.0935,587.899,631.7683,694.1737999999999,737.7968,724.6454000000001,725.6934000000001,795.4801,830.1169,894.3082,928.4669999999999,961.4449999999999,938.0157999999999,897.4946,911.3583,866.9173999999999,885.6652,918.5962999999999,911.4618,939.3303,913.8153,936.3893,941.7494,926.9912,957.9738
Morocco,190.33450000000002,187.849,181.10899999999998,175.36849999999998,184.749,193.709,194.50709999999998,200.2953,206.2156,203.1534,196.9493,198.1184,194.26509999999996,188.465,174.3322,169.6523,189.43950000000004,193.5421,208.32890000000003,210.291,237.48649999999998,257.9486,217.5804,205.87199999999996,167.8142,192.15979999999996,212.2002,218.87759999999997,248.9066,236.71889999999996,238.8974,234.4414,229.5718,207.4374,208.1876,179.65800000000002,210.0564,189.51869999999997,210.7833,212.5435,215.45679999999996,243.17829999999998,221.40979999999996,214.06879999999998,228.04489999999998,233.54339999999996,248.7899,253.40750000000003,264.6914,268.0059
Honduras,345.04479999999995,324.66889999999995,324.0824,317.7586,301.8985,287.5915,331.96799999999996,365.8766,334.2143,330.9474,358.12839999999994,340.7846,335.1749,346.61019999999996,326.9929,314.4301,331.41200000000003,378.89730000000003,348.77,391.7514,399.56929999999994,341.4763,284.67589999999996,317.4196999999999,324.71979999999996,267.75359999999995,367.4498,350.58609999999993,356.8953,336.4198,322.9249,354.2884,307.6925,433.6944,450.6929,489.4781,486.0531,472.82589999999993,461.5886,460.3264,466.9651,435.26699999999994,461.93859999999995,451.6473,471.4975,519.3896,545.4504,539.706,438.43330000000003,439.23769999999996
Panama,614.2926,646.6039000000001,655.6027,654.0308,680.6627000000001,686.7137,692.6134,693.8183,727.6345999999999,724.1682999999999,788.8543,789.3235,786.1752999999999,801.81,845.2326999999999,872.3584999999999,868.3604999999999,801.3341,776.6663,828.7267999999999,810.6216,864.8589,907.1261,879.3308,837.2036999999999,840.1680999999999,795.5849000000001,707.5413999999998,724.9808999999999,777.5379999999999,733.439,736.2039,706.7901999999999,725.1570999999999,707.9935,736.7623,775.0690000000001,789.3828999999998,777.9711,741.9562999999999,706.8796,673.1411999999999,648.7853,634.5020000000001,646.1620999999999,650.4806999999998,666.4722,697.7849999999999,719.9166,734.0574999999999
Democratic People's Republic of Korea,98.31869999999999,97.48519999999999,98.12149999999998,101.851,100.28269999999999,102.305,104.66109999999999,102.5612,105.7228,113.63339999999998,116.40919999999998,121.77069999999999,120.81379999999999,129.5093,135.37949999999998,142.1507,149.72379999999998,156.0034,163.932,168.24609999999998,173.4425,172.6922,180.1674,179.99679999999998,186.6132,190.4809,194.2896,198.16590000000002,195.2808,192.21499999999997,200.16449999999998,155.8388,139.067,125.26299999999999,123.23379999999999,97.1718,79.47420000000001,94.07579999999999,104.79199999999999,110.03819999999999,114.67989999999999,139.0051,123.3685,127.16440000000001,126.7418,111.0626,102.43440000000001,94.72059999999999,92.6625,94.43189999999998
Niger,243.77730000000003,225.59779999999998,251.72769999999997,255.6042,251.52399999999997,269.83669999999995,297.5481,339.3346,293.21770000000004,277.4774,265.2879,236.5269,214.9294,226.7068,254.97289999999998,227.56869999999998,315.68109999999996,307.8454,264.6475,327.05949999999996,341.2333,328.8588,330.0855,303.2172,266.4211,228.0117,246.02890000000002,249.4307,251.6293,271.8351,250.42199999999997,288.6805,300.6156,302.48819999999995,268.9844,347.4649,341.9913,350.21209999999996,358.90000000000003,367.6301,385.3858,403.3907,407.29140000000007,420.0775,427.21349999999995,428.84839999999997,444.8366,450.5463,338.4626,315.1073
India,125.12199999999999,123.51639999999998,120.93319999999997,118.3989,115.61250000000001,115.8443,115.99950000000001,119.31519999999998,119.87439999999998,115.96879999999999,120.6411,119.80199999999999,119.7731,122.6373,122.51239999999999,125.3543,126.5128,125.5215,127.07569999999998,128.0421,133.0397,140.5347,144.103,148.46429999999998,152.4837,153.94809999999998,153.3816,153.1823,155.83859999999999,155.69239999999996,153.34199999999998,155.8759,156.71779999999998,157.1513,159.41179999999997,160.5931,161.14,163.3066,165.18429999999998,160.6603,162.49229999999997,159.2211,158.5341,162.6093,162.4021,167.2329,175.5289,179.994,182.0182,182.76420000000002
Sao Tome and Principe,106.03359999999999,113.45429999999999,121.81779999999999,108.32589999999999,100.061,102.91439999999999,123.81089999999999,132.01889999999997,128.18249999999998,111.32589999999999,141.4654,109.6764,115.4575,73.1647,79.2244,94.77209999999998,88.2543,86.7564,81.5615,157.1625,102.60849999999999,155.9519,95.7743,106.7952,101.8795,113.89789999999999,137.8747,111.9795,109.378,58.4542,103.81649999999999,67.86399999999999,81.1434,84.91929999999999,81.0778,88.45309999999999,67.2046,64.838,87.5543,81.6934,80.2999,98.0154,130.65229999999997,127.52919999999997,137.731,152.8875,136.82139999999998,130.1496,215.8167,193.39229999999998
